SKU,Título,Armazém,Estante,Estoque Baixo,Em Trânsito(Compra),Em Trânsito(Transferência）,Ocupado,Disponível,Estoque Atual,Custo Médio,Subtotal,Criado
13513,Poltrona Premium Uxuá Pés Em Madeira Linhão Marrom/preto,Av Felix 01,,0,0,0,0,26,26,"339,55","8828,3",2026-07-17 16:44:29
16196,Poltrona Sofisticada Elegante Uxuá Tecido Linho Terracota Com Pés Madeira Amêndoa Para Sala Estar Escritório - Minha Loj,Av Felix 01,,0,0,0,0,38,38,"449,5",17081,2026-07-17 16:44:29
13134,Poltrona Premium Uxuá Pés Em Madeira Luxo Linho Decorativa Sala Estar Recepção Várias Cores - MLDM Linho Areia,Av Felix 01,,0,0,0,0,35,35,"339,55","11884,25",2026-07-17 16:44:29
2297,Poltrona Caraíva Linhão Marrom Misto,Av Felix 01,,0,0,0,0,20,20,"299,5",5990,2026-07-17 16:44:29
7089,Poltrona Caraíva Decorativa  Em Madeira  Areia Escuro,Av Felix 01,,0,0,0,0,59,59,"299,5","17670,5",2026-07-17 16:44:29
16167,Namoradeira Poltrona 2 Lugares Mona New Pés Madeira Sala Verde Sage,Av Felix 01,,0,0,0,0,3,3,"414,5","1243,5",2026-07-17 16:44:29
14722,Cor:Linho Areia,Estoque,,0,0,0,0,0,0,1,0,2026-06-25 21:16:51
101011,Beliche Perola Branco,Estoque,,0,0,0,0,500,500,1,500,2026-06-25 21:16:51
201011,Beliche Castanho Perolada,Estoque,,0,0,0,0,900,900,1,900,2026-06-25 21:16:51
LARA002,CABECEIRA EXTENSIVEL LARA 2,Estoque,,0,0,0,0,100,100,1,100,2026-06-25 21:16:51
MLB3948736765,Mesa De Centro Classic Tebarrot Nature Pes Madeira Amêndoa,Estoque,,0,0,0,0,0,0,1,0,2026-06-25 21:16:51
MLB3974303819,Mesa De Centro Classic Tebarrot Off White Amêndoa Sala Cor Off White/amêndoa,Estoque,,0,0,0,0,0,0,1,0,2026-06-25 21:16:51
MLB3983491361,Mesa Lateral Para Sala De Estar 13x Nature Tebarrot Classic,Estoque,,0,0,0,0,0,0,1,0,2026-06-25 21:16:51
11835,Puff Para Sala De Estar Paris 336 Terracota Fb,Estoque,,0,0,0,0,0,0,1,0,2026-06-25 21:16:51
11844,Puff Para Sala De Estar Paris 227 Linho Areia Fawt,Estoque,,0,0,0,0,0,0,1,0,2026-06-25 21:16:51
14392,Kit 2 Cadeira Jantar Allegra Linho Cinza Com Marrom P/ Sala,Estoque,,0,0,0,0,0,0,1,0,2026-06-25 21:16:51
15344,Kit 2 Cadeiras Jantar Estofada Detroit Linho Com Pés Madeira,Estoque,,0,0,0,0,0,0,1,0,2026-06-25 21:16:51
15365,Kit 2 Cadeira Jantar Allegra Tecido Linho C/ Courino P/ Sala,Estoque,,0,0,0,0,0,0,1,0,2026-06-25 21:16:51
15362,Kit 2 Cadeira Jantar Allegra Tecido Linho C/ Courino P/ Sala,Estoque,,0,0,0,0,0,0,1,0,2026-06-25 21:16:51
15335,Kit 2 Cadeiras Jantar Estofada Detroit Linho Com Pés Madeira,Estoque,,0,0,0,0,0,0,1,0,2026-06-25 21:16:51
14410,Conjunto 2 Cadeira Jantar Allegra Courino Caramelo P/ Sala,Estoque,,0,0,0,0,0,0,1,0,2026-06-25 21:16:51
15341,Kit 2 Cadeiras Jantar Estofada Detroit Linho Com Pés Madeira,Estoque,,0,0,0,0,0,0,1,0,2026-06-25 21:16:51
15451,Aparador Buffet Decorativo Sofisticado Duna Com Portas Ripadas Nature - Minha Loja De Móveis,Estoque,,0,0,0,0,0,0,1,0,2026-06-25 21:16:51
11364,"Prateleira Elegante Organizadora 2,18 Com Led P/ Sala Quarto",Estoque,,0,0,0,0,0,0,1,0,2026-06-25 21:16:51
1555,"Cabeceira Moderna Casal Sicilia 1,40 Castanho Para Quarto",Estoque,,0,0,0,0,0,0,1,0,2026-06-25 21:16:51
11360,"Prateleira Organizadora Elegante Com Led 1,50 Sala Quarto",Estoque,,0,0,0,0,0,0,1,0,2026-06-25 21:16:51
864,Aparador Buffet Premium 2 Gavetas Elegante Para Hall Sala,Estoque,,0,0,0,0,0,0,1,0,2026-06-25 21:16:51
1736,Aparador Buffet Premium 2 Gavetas Elegante Para Hall Sala,Estoque,,0,0,0,0,0,0,1,0,2026-06-25 21:16:51
1028,Aparador Buffet Premium 2 Gavetas Para Hall Entrada Sala,Estoque,,0,0,0,0,0,0,1,0,2026-06-25 21:16:51
906,Aparador Rack Extensível Netuno Sofisticado Para Sala Estar,Estoque,,0,0,0,0,0,0,1,0,2026-06-25 21:16:51
464,Aparador Buffet Premium 2 Gavetas Para Hall Entrada Sala,Estoque,,0,0,0,0,0,0,1,0,2026-06-25 21:16:51
1354,"Estante Painel Luna 1,60 Com Led 1 Prateleira Para Tv Sala Branco",Estoque,,0,0,0,0,0,0,1,0,2026-06-25 21:16:51
1368,"Estante Painel Com Led Luna 1,80 1 Prateleira Para Sala Preto",Estoque,,0,0,0,0,0,0,1,0,2026-06-25 21:16:51
1370,"Estante Painel Marte 2 Nichos 1 Prateleira 1,80 P/ Tv Sala Branco",Estoque,,0,0,0,0,0,0,1,0,2026-06-25 21:16:51
1376,"Estante Painel Marte 2 Nichos 1 Prateleira 1,80 P/ Tv Sala Off White",Estoque,,0,0,0,0,0,0,1,0,2026-06-25 21:16:51
11323,Estante Painel Vênus Com Prateleira 136cm Para Tv Sala Gianduia/nature,Estoque,,0,0,0,0,0,0,1,0,2026-06-25 21:16:51
1366,"Estante Painel Com Led Luna 1,80 1 Prateleira Para Sala Off White",Estoque,,0,0,0,0,0,0,1,0,2026-06-25 21:16:51
2377,Cor:Cru,Estoque,,0,0,0,0,0,0,1,0,2026-06-25 20:33:31
11394,Cor:Gianduia,Estoque,,0,0,0,0,0,0,1,0,2026-06-25 20:33:31
5060,Cor:Grafite,Estoque,,0,0,0,0,0,0,1,0,2026-06-25 20:33:31
5054,Cor:Cinza com Marrom,Estoque,,0,0,0,0,0,0,1,0,2026-06-25 20:33:31
8973,Cor:Cinza,Estoque,,0,0,0,0,0,0,1,0,2026-06-25 20:33:31
5063,Cor:Azul Marinho,Estoque,,0,0,0,0,0,0,1,0,2026-06-25 20:33:31
5056,Cor:Areia,Estoque,,0,0,0,0,0,0,1,0,2026-06-25 20:33:31
12418,Cor:Terracota,Estoque,,0,0,0,0,0,0,1,0,2026-06-25 20:33:31
12430,Cor:Grafite,Estoque,,0,0,0,0,0,0,1,0,2026-06-25 20:33:31
12427,Cor:Cinza com Marrom,Estoque,,0,0,0,0,0,0,1,0,2026-06-25 20:33:31
12424,Cor:Cinza,Estoque,,0,0,0,0,0,0,1,0,2026-06-25 20:33:31
12433,Cor:Azul Marinho,Estoque,,0,0,0,0,0,0,1,0,2026-06-25 20:33:31
12421,Cor:Areia,Estoque,,0,0,0,0,0,0,1,0,2026-06-25 20:33:31
12272,Cor:Terracota,Estoque,,0,0,0,0,0,0,1,0,2026-06-25 20:33:31
12489,Cor:Grafite,Estoque,,0,0,0,0,0,0,1,0,2026-06-25 20:33:31
12274,Cor:Cinza com Marrom,Estoque,,0,0,0,0,0,0,1,0,2026-06-25 20:33:31
12270,Cor:Cinza,Estoque,,0,0,0,0,0,0,1,0,2026-06-25 20:33:31
12278,Cor:Azul Marinho,Estoque,,0,0,0,0,0,0,1,0,2026-06-25 20:33:31
12268,Cor:Areia,Estoque,,0,0,0,0,0,0,1,0,2026-06-25 20:33:31
12604,Cor:Terracota,Estoque,,0,0,0,0,0,0,1,0,2026-06-25 20:33:31
12607,Cor:Grafite,Estoque,,0,0,0,0,0,0,1,0,2026-06-25 20:33:31
12591,Cor:Cinza com Marrom,Estoque,,0,0,0,0,0,0,1,0,2026-06-25 20:33:31
12601,Cor:Cinza,Estoque,,0,0,0,0,0,0,1,0,2026-06-25 20:33:31
12610,Cor:Azul Marinho,Estoque,,0,0,0,0,0,0,1,0,2026-06-25 20:33:31
12594,Cor:Areia,Estoque,,0,0,0,0,0,0,1,0,2026-06-25 20:33:31
4559,Cor:Grafite,Estoque,,0,0,0,0,0,0,1,0,2026-06-25 20:33:31
4553,Cor:Cinza com Marrom,Estoque,,0,0,0,0,0,0,1,0,2026-06-25 20:33:31
8928,Cor:Cinza,Estoque,,0,0,0,0,0,0,1,0,2026-06-25 20:33:31
4561,Cor:Azul Marinho,Estoque,,0,0,0,0,0,0,1,0,2026-06-25 20:33:31
4555,Cor:Areia,Estoque,,0,0,0,0,0,0,1,0,2026-06-25 20:33:31
3735,Cor:Cru,Estoque,,0,0,0,0,0,0,1,0,2026-06-25 20:33:31
12622,Cor:Terracota,Estoque,,0,0,0,0,0,0,1,0,2026-06-25 20:33:31
12625,Cor:Grafite,Estoque,,0,0,0,0,0,0,1,0,2026-06-25 20:33:31
12613,Cor:Cinza com Marrom,Estoque,,0,0,0,0,0,0,1,0,2026-06-25 20:33:31
12619,Cor:Cinza,Estoque,,0,0,0,0,0,0,1,0,2026-06-25 20:33:31
12628,Cor:Azul Marinho,Estoque,,0,0,0,0,0,0,1,0,2026-06-25 20:33:31
12616,Cor:Areia,Estoque,,0,0,0,0,0,0,1,0,2026-06-25 20:33:31
3783,Cor:Cru,Estoque,,0,0,0,0,0,0,1,0,2026-06-25 20:33:31
2863,Cor:Cru,Estoque,,0,0,0,0,0,0,1,0,2026-06-25 20:33:31
10359,Cor:Terracota,Estoque,,0,0,0,0,0,0,1,0,2026-06-25 20:33:31
3127,Cor:Grafite,Estoque,,0,0,0,0,0,0,1,0,2026-06-25 20:33:31
3070,Cor:Cinza com Marrom,Estoque,,0,0,0,0,0,0,1,0,2026-06-25 20:33:31
8987,Cor:Cinza,Estoque,,0,0,0,0,0,0,1,0,2026-06-25 20:33:31
3130,Cor:Azul Marinho,Estoque,,0,0,0,0,0,0,1,0,2026-06-25 20:33:31
3082,Cor:Areia,Estoque,,0,0,0,0,0,0,1,0,2026-06-25 20:33:31
2617,Cor:Verde Musgo,Estoque,,0,0,0,0,0,0,1,0,2026-06-25 20:33:31
2615,Cor:Preto Absoluto,Estoque,,0,0,0,0,0,0,1,0,2026-06-25 20:33:31
7744,Cor:Ferrugem,Estoque,,0,0,0,0,0,0,1,0,2026-06-25 20:33:31
2623,Cor:Azul,Estoque,,0,0,0,0,0,0,1,0,2026-06-25 20:33:31
15914,Cor:Areia,Estoque,,0,0,0,0,0,0,1,0,2026-06-25 20:33:31
10008,Cor:Cru,Estoque,,0,0,0,0,0,0,1,0,2026-06-25 20:33:31
2295,Cor:Nobuck Marrom,Estoque,,0,0,0,0,0,0,1,0,2026-06-25 20:33:31
10941,Cor:Terracota,Estoque,,0,0,0,0,0,0,1,0,2026-06-25 20:33:31
10940,Cor:Cinza,Estoque,,0,0,0,0,0,0,1,0,2026-06-25 20:33:31
10939,Cor:Areia,Estoque,,0,0,0,0,0,0,1,0,2026-06-25 20:33:31
1269,Cor:Off white com amêndoa,Estoque,,0,0,0,0,0,0,1,0,2026-06-25 20:33:31
1255,Cor:Branco com amêndoa,Estoque,,0,0,0,0,0,0,1,0,2026-06-25 20:33:31
1265,Cor:Amêndoa,Estoque,,0,0,0,0,0,0,1,0,2026-06-25 20:33:31
4977,Cor:Verde Musgo,Estoque,,0,0,0,0,0,0,1,0,2026-06-25 20:33:31
4975,Cor:Preto Absoluto,Estoque,,0,0,0,0,0,0,1,0,2026-06-25 20:33:31
4979,Cor:Bege Escuro,Estoque,,0,0,0,0,0,0,1,0,2026-06-25 20:33:31
2391,Cor:Marrom com Preto,Estoque,,0,0,0,0,0,0,1,0,2026-06-25 20:33:31
2423,Cor:Grafite,Estoque,,0,0,0,0,0,0,1,0,2026-06-25 20:33:31
2389,Cor:Cinza com Marrom,Estoque,,0,0,0,0,0,0,1,0,2026-06-25 20:33:31
8965,Cor:Cinza,Estoque,,0,0,0,0,0,0,1,0,2026-06-25 20:33:31
2425,Cor:Azul Marinho,Estoque,,0,0,0,0,0,0,1,0,2026-06-25 20:33:31
2397,Cor:Areia,Estoque,,0,0,0,0,0,0,1,0,2026-06-25 20:33:31
10376,Cor:Terracota,Estoque,,0,0,0,0,0,0,1,0,2026-06-25 20:33:31
3737,Cor:Grafite,Estoque,,0,0,0,0,0,0,1,0,2026-06-25 20:33:31
3699,Cor:Cinza com Marrom,Estoque,,0,0,0,0,0,0,1,0,2026-06-25 20:33:31
9042,Cor:Cinza,Estoque,,0,0,0,0,0,0,1,0,2026-06-25 20:33:31
3739,Cor:Azul Marinho,Estoque,,0,0,0,0,0,0,1,0,2026-06-25 20:33:31
3707,Cor:Areia,Estoque,,0,0,0,0,0,0,1,0,2026-06-25 20:33:31
4615,Cor:Verde,Estoque,,0,0,0,0,0,0,1,0,2026-06-25 20:33:30
4617,Cor:Coral,Estoque,,0,0,0,0,0,0,1,0,2026-06-25 20:33:30
4619,Cor:Cinza,Estoque,,0,0,0,0,0,0,1,0,2026-06-25 20:33:30
4613,Cor:Azul Marinho,Estoque,,0,0,0,0,0,0,1,0,2026-06-25 20:33:30
10872,Cor:Terracota,Estoque,,0,0,0,0,0,0,1,0,2026-06-25 20:33:30
10873,Cor:Cinza,Estoque,,0,0,0,0,0,0,1,0,2026-06-25 20:33:30
10870,Cor:Areia,Estoque,,0,0,0,0,0,0,1,0,2026-06-25 20:33:30
12337,Cor:Terracota,Estoque,,0,0,0,0,0,0,1,0,2026-06-25 20:33:30
12340,Cor:Grafite,Estoque,,0,0,0,0,0,0,1,0,2026-06-25 20:33:30
12328,Cor:Cinza com Marrom,Estoque,,0,0,0,0,0,0,1,0,2026-06-25 20:33:30
12334,Cor:Cinza,Estoque,,0,0,0,0,0,0,1,0,2026-06-25 20:33:30
12343,Cor:Azul Marinho,Estoque,,0,0,0,0,0,0,1,0,2026-06-25 20:33:30
12331,Cor:Areia,Estoque,,0,0,0,0,0,0,1,0,2026-06-25 20:33:30
4565,Cor:Verde,Estoque,,0,0,0,0,0,0,1,0,2026-06-25 20:33:30
4567,Cor:Coral,Estoque,,0,0,0,0,0,0,1,0,2026-06-25 20:33:30
4569,Cor:Cinza,Estoque,,0,0,0,0,0,0,1,0,2026-06-25 20:33:30
4563,Cor:Azul Marinho,Estoque,,0,0,0,0,0,0,1,0,2026-06-25 20:33:30
10884,Cor:Terracota,Estoque,,0,0,0,0,0,0,1,0,2026-06-25 20:33:30
10883,Cor:Cinza,Estoque,,0,0,0,0,0,0,1,0,2026-06-25 20:33:30
10882,Cor:Areia,Estoque,,0,0,0,0,0,0,1,0,2026-06-25 20:33:30
5067,Cor:Verde,Estoque,,0,0,0,0,0,0,1,0,2026-06-25 20:33:30
5070,Cor:Coral,Estoque,,0,0,0,0,0,0,1,0,2026-06-25 20:33:30
5072,Cor:Cinza,Estoque,,0,0,0,0,0,0,1,0,2026-06-25 20:33:30
5065,Cor:Azul Marinho,Estoque,,0,0,0,0,0,0,1,0,2026-06-25 20:33:30
10058,Cor:Rosê,Estoque,,0,0,0,0,0,0,1,0,2026-06-25 20:33:30
9810,Cor:Off White,Estoque,,0,0,0,0,0,0,1,0,2026-06-25 20:33:30
10935,Cor:Terracota,Estoque,,0,0,0,0,0,0,1,0,2026-06-25 20:33:30
10934,Cor:Cinza,Estoque,,0,0,0,0,0,0,1,0,2026-06-25 20:33:30
10933,Cor:Areia,Estoque,,0,0,0,0,0,0,1,0,2026-06-25 20:33:30
10911,Cor:Terracota,Estoque,,0,0,0,0,0,0,1,0,2026-06-25 20:33:30
10910,Cor:Cinza,Estoque,,0,0,0,0,0,0,1,0,2026-06-25 20:33:30
10914,Cor:Azul Marinho,Estoque,,0,0,0,0,0,0,1,0,2026-06-25 20:33:30
10909,Cor:Areia,Estoque,,0,0,0,0,0,0,1,0,2026-06-25 20:33:30
7143,Cor:Off White com Amêndoa,Estoque,,0,0,0,0,0,0,1,0,2026-06-25 20:33:30
9571,Cor:Terracota,Estoque,,0,0,0,0,0,0,1,0,2026-06-25 20:33:30
2980,Cor:Grafite,Estoque,,0,0,0,0,0,0,1,0,2026-06-25 20:33:30
2923,Cor:Cinza com Marrom,Estoque,,0,0,0,0,0,0,1,0,2026-06-25 20:33:30
8981,Cor:Cinza,Estoque,,0,0,0,0,0,0,1,0,2026-06-25 20:33:30
2983,Cor:Azul Marinho,Estoque,,0,0,0,0,0,0,1,0,2026-06-25 20:33:30
2935,Cor:Areia,Estoque,,0,0,0,0,0,0,1,0,2026-06-25 20:33:30
2204,Cor:Nobuck Marrom,Estoque,,0,0,0,0,0,0,1,0,2026-06-25 20:33:30
12286,Cor:Terracota,Estoque,,0,0,0,0,0,0,1,0,2026-06-25 20:33:30
12288,Cor:Grafite,Estoque,,0,0,0,0,0,0,1,0,2026-06-25 20:33:30
12280,Cor:Cinza com Marrom,Estoque,,0,0,0,0,0,0,1,0,2026-06-25 20:33:30
12284,Cor:Cinza,Estoque,,0,0,0,0,0,0,1,0,2026-06-25 20:33:30
12290,Cor:Azul Marinho,Estoque,,0,0,0,0,0,0,1,0,2026-06-25 20:33:30
12282,Cor:Areia,Estoque,,0,0,0,0,0,0,1,0,2026-06-25 20:33:30
12301,Cor:Terracota,Estoque,,0,0,0,0,0,0,1,0,2026-06-25 20:33:30
12304,Cor:Grafite,Estoque,,0,0,0,0,0,0,1,0,2026-06-25 20:33:30
12292,Cor:Cinza com Marrom,Estoque,,0,0,0,0,0,0,1,0,2026-06-25 20:33:30
12998,Cor:Cinza,Estoque,,0,0,0,0,0,0,1,0,2026-06-25 20:33:30
12307,Cor:Azul Marinho,Estoque,,0,0,0,0,0,0,1,0,2026-06-25 20:33:30
12295,Cor:Areia,Estoque,,0,0,0,0,0,0,1,0,2026-06-25 20:33:30
10440,Cor:Terracota,Estoque,,0,0,0,0,0,0,1,0,2026-06-25 20:33:30
4228,Cor:Grafite,Estoque,,0,0,0,0,0,0,1,0,2026-06-25 20:33:30
4171,Cor:Cinza com Marrom,Estoque,,0,0,0,0,0,0,1,0,2026-06-25 20:33:30
9061,Cor:Cinza,Estoque,,0,0,0,0,0,0,1,0,2026-06-25 20:33:30
4231,Cor:Azul Marinho,Estoque,,0,0,0,0,0,0,1,0,2026-06-25 20:33:30
4183,Cor:Areia,Estoque,,0,0,0,0,0,0,1,0,2026-06-25 20:33:30
12901,Cor:Off White com Preto,Estoque,,0,0,0,0,0,0,1,0,2026-06-25 20:33:30
12897,Cor:Off White com Dourado,Estoque,,0,0,0,0,0,0,1,0,2026-06-25 20:33:30
12899,Cor:Amêndoa com Preto,Estoque,,0,0,0,0,0,0,1,0,2026-06-25 20:33:30
12895,Cor:Amêndoa com Dourado,Estoque,,0,0,0,0,0,0,1,0,2026-06-25 20:33:30
3390,Cor:Cru,Estoque,,0,0,0,0,0,0,1,0,2026-06-25 20:33:30
1189,Cor:Branco,Estoque,,0,0,0,0,0,0,1,0,2026-06-25 20:33:30
8570,Cor:Grafite,Estoque,,0,0,0,0,0,0,1,0,2026-06-25 20:33:30
8558,Cor:Cinza com Marrom,Estoque,,0,0,0,0,0,0,1,0,2026-06-25 20:33:30
9025,Cor:Cinza,Estoque,,0,0,0,0,0,0,1,0,2026-06-25 20:33:30
8573,Cor:Azul Marinho,Estoque,,0,0,0,0,0,0,1,0,2026-06-25 20:33:30
8561,Cor:Areia,Estoque,,0,0,0,0,0,0,1,0,2026-06-25 20:33:30
3538,Cor:Cru,Estoque,,0,0,0,0,0,0,1,0,2026-06-25 20:33:30
8697,Cor:Nature,Estoque,,0,0,0,0,0,0,1,0,2026-06-25 20:33:30
1053,Cor:Branco,Estoque,,0,0,0,0,0,0,1,0,2026-06-25 20:33:30
7147,Cor:Amêndoa,Estoque,,0,0,0,0,0,0,1,0,2026-06-25 20:33:30
1237,Cor:Preto com amêndoa,Estoque,,0,0,0,0,0,0,1,0,2026-06-25 20:33:30
10372,Cor:Terracota,Estoque,,0,0,0,0,0,0,1,0,2026-06-25 20:33:30
3442,Cor:Grafite,Estoque,,0,0,0,0,0,0,1,0,2026-06-25 20:33:30
3402,Cor:Cinza com Marrom,Estoque,,0,0,0,0,0,0,1,0,2026-06-25 20:33:30
9000,Cor:Cinza,Estoque,,0,0,0,0,0,0,1,0,2026-06-25 20:33:30
3444,Cor:Azul Marinho,Estoque,,0,0,0,0,0,0,1,0,2026-06-25 20:33:30
3412,Cor:Areia,Estoque,,0,0,0,0,0,0,1,0,2026-06-25 20:33:30
8548,Cor:Cru,Estoque,,0,0,0,0,0,0,1,0,2026-06-25 20:33:30
10858,Cor:Terracota,Estoque,,0,0,0,0,0,0,1,0,2026-06-25 20:33:30
10855,Cor:Cinza,Estoque,,0,0,0,0,0,0,1,0,2026-06-25 20:33:30
10852,Cor:Areia,Estoque,,0,0,0,0,0,0,1,0,2026-06-25 20:33:30
10301,Cor:Off White com Amêndoa,Estoque,,0,0,0,0,0,0,1,0,2026-06-25 20:33:30
11309,Cor:Ginduia com Amêndoa,Estoque,,0,0,0,0,0,0,1,0,2026-06-25 20:33:30
10713,Cor:Amêndoa,Estoque,,0,0,0,0,0,0,1,0,2026-06-25 20:33:30
10455,Cor:Terracota,Estoque,,0,0,0,0,0,0,1,0,2026-06-25 20:33:30
4442,Cor:Grafite,Estoque,,0,0,0,0,0,0,1,0,2026-06-25 20:33:30
4385,Cor:Cinza com Marrom,Estoque,,0,0,0,0,0,0,1,0,2026-06-25 20:33:30
9070,Cor:Cinza,Estoque,,0,0,0,0,0,0,1,0,2026-06-25 20:33:30
4445,Cor:Azul Marinho,Estoque,,0,0,0,0,0,0,1,0,2026-06-25 20:33:30
4397,Cor:Areia,Estoque,,0,0,0,0,0,0,1,0,2026-06-25 20:33:30
1287,Cor:Off white com amêndoa,Estoque,,0,0,0,0,0,0,1,0,2026-06-25 20:33:30
1279,Cor:Branco com amêndoa,Estoque,,0,0,0,0,0,0,1,0,2026-06-25 20:33:30
1284,Cor:Amêndoa,Estoque,,0,0,0,0,0,0,1,0,2026-06-25 20:33:30
8616,Cor:Grafite,Estoque,,0,0,0,0,0,0,1,0,2026-06-25 20:33:30
8594,Cor:Cinza com Marrom,Estoque,,0,0,0,0,0,0,1,0,2026-06-25 20:33:30
9031,Cor:Cinza,Estoque,,0,0,0,0,0,0,1,0,2026-06-25 20:33:30
8619,Cor:Azul Marinho,Estoque,,0,0,0,0,0,0,1,0,2026-06-25 20:33:30
8606,Cor:Areia,Estoque,,0,0,0,0,0,0,1,0,2026-06-25 20:33:30
4529,Cor:Verde,Estoque,,0,0,0,0,0,0,1,0,2026-06-25 20:33:30
4531,Cor:Coral,Estoque,,0,0,0,0,0,0,1,0,2026-06-25 20:33:30
4533,Cor:Cinza,Estoque,,0,0,0,0,0,0,1,0,2026-06-25 20:33:30
4527,Cor:Azul Marinho,Estoque,,0,0,0,0,0,0,1,0,2026-06-25 20:33:30
10878,Cor:Terracota,Estoque,,0,0,0,0,0,0,1,0,2026-06-25 20:33:30
10877,Cor:Cinza,Estoque,,0,0,0,0,0,0,1,0,2026-06-25 20:33:30
10876,Cor:Areia,Estoque,,0,0,0,0,0,0,1,0,2026-06-25 20:33:30
11354,Cor:Gianduia,Estoque,,0,0,0,0,0,0,1,0,2026-06-25 20:33:30
10310,Cor:Off White,Estoque,,0,0,0,0,0,0,1,0,2026-06-25 20:33:30
12676,Cor:Rosê,Estoque,,0,0,0,0,0,0,1,0,2026-06-25 20:33:30
10432,Cor:Terracota,Estoque,,0,0,0,0,0,0,1,0,2026-06-25 20:33:30
3940,Cor:Grafite,Estoque,,0,0,0,0,0,0,1,0,2026-06-25 20:33:30
3899,Cor:Cinza com Marrom,Estoque,,0,0,0,0,0,0,1,0,2026-06-25 20:33:30
9050,Cor:Cinza,Estoque,,0,0,0,0,0,0,1,0,2026-06-25 20:33:30
3942,Cor:Azul Marinho,Estoque,,0,0,0,0,0,0,1,0,2026-06-25 20:33:30
3909,Cor:Areia,Estoque,,0,0,0,0,0,0,1,0,2026-06-25 20:33:30
2599,Cor:Cinza com Marrom,Estoque,,0,0,0,0,0,0,1,0,2026-06-25 20:33:30
2635,Cor:Azul Marinho,Estoque,,0,0,0,0,0,0,1,0,2026-06-25 20:33:30
2607,Cor:Areia,Estoque,,0,0,0,0,0,0,1,0,2026-06-25 20:33:30
4547,Cor:Verde,Estoque,,0,0,0,0,0,0,1,0,2026-06-25 20:33:29
4549,Cor:Coral,Estoque,,0,0,0,0,0,0,1,0,2026-06-25 20:33:29
4551,Cor:Cinza,Estoque,,0,0,0,0,0,0,1,0,2026-06-25 20:33:29
4545,Cor:Azul Marinho,Estoque,,0,0,0,0,0,0,1,0,2026-06-25 20:33:29
7148,Cor:Amêndoa,Estoque,,0,0,0,0,0,0,1,0,2026-06-25 20:33:29
2503,Cor:Verde Musgo,Estoque,,0,0,0,0,0,0,1,0,2026-06-25 20:33:29
2499,Cor:Preto Absoluto,Estoque,,0,0,0,0,0,0,1,0,2026-06-25 20:33:29
3586,Cor:Cru,Estoque,,0,0,0,0,0,0,1,0,2026-06-25 20:33:29
10304,Cor:Off White,Estoque,,0,0,0,0,0,0,1,0,2026-06-25 20:33:29
2281,Cor:Verde Musgo,Estoque,,0,0,0,0,0,0,1,0,2026-06-25 20:33:29
2279,Cor:Preto Absoluto,Estoque,,0,0,0,0,0,0,1,0,2026-06-25 20:33:29
2287,Cor:Ferrugem,Estoque,,0,0,0,0,0,0,1,0,2026-06-25 20:33:29
2285,Cor:Azul,Estoque,,0,0,0,0,0,0,1,0,2026-06-25 20:33:29
16112,Cor:Verde Sage,Estoque,,0,0,0,0,0,0,1,0,2026-06-25 20:33:29
16169,Cor:Terracota,Estoque,,0,0,0,0,0,0,1,0,2026-06-25 20:33:29
16590,Cor:Cinza,Estoque,,0,0,0,0,0,0,1,0,2026-06-25 20:33:29
16171,Cor:Bege Claro,Estoque,,0,0,0,0,0,0,1,0,2026-06-25 20:33:29
3634,Cor:Cru,Estoque,,0,0,0,0,0,0,1,0,2026-06-25 20:33:29
2704,Cor:Verde Musgo,Estoque,,0,0,0,0,0,0,1,0,2026-06-25 20:33:29
2702,Cor:Preto Absoluto,Estoque,,0,0,0,0,0,0,1,0,2026-06-25 20:33:29
11568,Cor:Ferrugem,Estoque,,0,0,0,0,0,0,1,0,2026-06-25 20:33:29
2710,Cor:Azul,Estoque,,0,0,0,0,0,0,1,0,2026-06-25 20:33:29
12355,Cor:Terracota,Estoque,,0,0,0,0,0,0,1,0,2026-06-25 20:33:29
12358,Cor:Grafite,Estoque,,0,0,0,0,0,0,1,0,2026-06-25 20:33:29
12346,Cor:Cinza com Marrom,Estoque,,0,0,0,0,0,0,1,0,2026-06-25 20:33:29
12352,Cor:Cinza,Estoque,,0,0,0,0,0,0,1,0,2026-06-25 20:33:29
12361,Cor:Azul Marinho,Estoque,,0,0,0,0,0,0,1,0,2026-06-25 20:33:29
12349,Cor:Areia,Estoque,,0,0,0,0,0,0,1,0,2026-06-25 20:33:29
469,Cor:Branco,Estoque,,0,0,0,0,0,0,1,0,2026-06-25 20:33:29
10449,Cor:Terracota,Estoque,,0,0,0,0,0,0,1,0,2026-06-25 20:33:29
4297,Cor:Grafite,Estoque,,0,0,0,0,0,0,1,0,2026-06-25 20:33:29
4243,Cor:Cinza com Marrom,Estoque,,0,0,0,0,0,0,1,0,2026-06-25 20:33:29
9064,Cor:Cinza,Estoque,,0,0,0,0,0,0,1,0,2026-06-25 20:33:29
4300,Cor:Azul Marinho,Estoque,,0,0,0,0,0,0,1,0,2026-06-25 20:33:29
4255,Cor:Areia,Estoque,,0,0,0,0,0,0,1,0,2026-06-25 20:33:29
2229,Cor:Verde Sage,Estoque,,0,0,0,0,0,0,1,0,2026-06-25 20:33:29
8041,Cor:Mescla,Estoque,,0,0,0,0,0,0,1,0,2026-06-25 20:33:29
2261,Cor:Grafite,Estoque,,0,0,0,0,0,0,1,0,2026-06-25 20:33:29
2223,Cor:Cinza com Marrom,Estoque,,0,0,0,0,0,0,1,0,2026-06-25 20:33:29
8924,Cor:Cinza,Estoque,,0,0,0,0,0,0,1,0,2026-06-25 20:33:29
2235,Cor:Cimento,Estoque,,0,0,0,0,0,0,1,0,2026-06-25 20:33:29
2263,Cor:Azul Marinho,Estoque,,0,0,0,0,0,0,1,0,2026-06-25 20:33:29
2233,Cor:Areia Escura,Estoque,,0,0,0,0,0,0,1,0,2026-06-25 20:33:29
2231,Cor:Areia,Estoque,,0,0,0,0,0,0,1,0,2026-06-25 20:33:29
10839,Cor:Cru,Estoque,,0,0,0,0,0,0,1,0,2026-06-25 20:33:29
5080,Cor:Grafite,Estoque,,0,0,0,0,0,0,1,0,2026-06-25 20:33:29
5074,Cor:Cinza com Marrom,Estoque,,0,0,0,0,0,0,1,0,2026-06-25 20:33:29
8971,Cor:Cinza,Estoque,,0,0,0,0,0,0,1,0,2026-06-25 20:33:29
5082,Cor:Azul Marinho,Estoque,,0,0,0,0,0,0,1,0,2026-06-25 20:33:29
5076,Cor:Areia,Estoque,,0,0,0,0,0,0,1,0,2026-06-25 20:33:29
15350,Cor:Terracota,Estoque,,0,0,0,0,0,0,1,0,2026-06-25 20:33:29
15349,Cor:Corino Caramelo,Estoque,,0,0,0,0,0,0,1,0,2026-06-25 20:33:29
15351,Cor:Cinza,Estoque,,0,0,0,0,0,0,1,0,2026-06-25 20:33:29
15347,Cor:Areia Escuro,Estoque,,0,0,0,0,0,0,1,0,2026-06-25 20:33:29
15348,Cor:Areia,Estoque,,0,0,0,0,0,0,1,0,2026-06-25 20:33:29
3341,Cor:Cru,Estoque,,0,0,0,0,0,0,1,0,2026-06-25 20:33:29
10133,Cor:Cru,Estoque,,0,0,0,0,0,0,1,0,2026-06-25 20:33:29
8530,Cor:Cru,Estoque,,0,0,0,0,0,0,1,0,2026-06-25 20:33:29
10942,Cor:Rosê,Estoque,,0,0,0,0,0,0,1,0,2026-06-25 20:33:29
10006,Cor:Terracota,Estoque,,0,0,0,0,0,0,1,0,2026-06-25 20:33:29
10010,Cor:Cinza,Estoque,,0,0,0,0,0,0,1,0,2026-06-25 20:33:29
10004,Cor:Areia,Estoque,,0,0,0,0,0,0,1,0,2026-06-25 20:33:29
12319,Cor:Terracota,Estoque,,0,0,0,0,0,0,1,0,2026-06-25 20:33:29
12322,Cor:Grafite,Estoque,,0,0,0,0,0,0,1,0,2026-06-25 20:33:29
12310,Cor:Cinza com Marrom,Estoque,,0,0,0,0,0,0,1,0,2026-06-25 20:33:29
12316,Cor:Cinza,Estoque,,0,0,0,0,0,0,1,0,2026-06-25 20:33:29
12325,Cor:Azul Marinho,Estoque,,0,0,0,0,0,0,1,0,2026-06-25 20:33:29
12313,Cor:Areia,Estoque,,0,0,0,0,0,0,1,0,2026-06-25 20:33:29
1475,Cor:Off white com amêndoa,Estoque,,0,0,0,0,0,0,1,0,2026-06-25 20:33:29
1469,Cor:Branco com amêndoa,Estoque,,0,0,0,0,0,0,1,0,2026-06-25 20:33:29
1473,Cor:Amêndoa,Estoque,,0,0,0,0,0,0,1,0,2026-06-25 20:33:29
10074,Cor:Rosê,Estoque,,0,0,0,0,0,0,1,0,2026-06-25 20:33:29
10923,Cor:Terracota,Estoque,,0,0,0,0,0,0,1,0,2026-06-25 20:33:29
10922,Cor:Cinza,Estoque,,0,0,0,0,0,0,1,0,2026-06-25 20:33:29
10926,Cor:Azul Marinho,Estoque,,0,0,0,0,0,0,1,0,2026-06-25 20:33:29
10921,Cor:Areia,Estoque,,0,0,0,0,0,0,1,0,2026-06-25 20:33:29
2259,Cor:Cru,Estoque,,0,0,0,0,0,0,1,0,2026-06-25 20:33:29
3440,Cor:Cru,Estoque,,0,0,0,0,0,0,1,0,2026-06-25 20:33:29
2275,Cor:Verde Sage,Estoque,,0,0,0,0,0,0,1,0,2026-06-25 20:33:29
10343,Cor:Terracota,Estoque,,0,0,0,0,0,0,1,0,2026-06-25 20:33:29
2291,Cor:Grafite,Estoque,,0,0,0,0,0,0,1,0,2026-06-25 20:33:29
2271,Cor:Cinza com Marrom,Estoque,,0,0,0,0,0,0,1,0,2026-06-25 20:33:29
8926,Cor:Cinza,Estoque,,0,0,0,0,0,0,1,0,2026-06-25 20:33:29
2293,Cor:Azul Marinho,Estoque,,0,0,0,0,0,0,1,0,2026-06-25 20:33:29
2277,Cor:Areia,Estoque,,0,0,0,0,0,0,1,0,2026-06-25 20:33:29
7144,Cor:Off White com Amêndoa,Estoque,,0,0,0,0,0,0,1,0,2026-06-25 20:33:29
10060,Cor:Rosê,Estoque,,0,0,0,0,0,0,1,0,2026-06-25 20:33:29
12276,Cor:Cru,Estoque,,0,0,0,0,0,0,1,0,2026-06-25 20:33:29
5086,Cor:Verde,Estoque,,0,0,0,0,0,0,1,0,2026-06-25 20:33:29
5088,Cor:Coral,Estoque,,0,0,0,0,0,0,1,0,2026-06-25 20:33:29
5090,Cor:Cinza,Estoque,,0,0,0,0,0,0,1,0,2026-06-25 20:33:29
5084,Cor:Azul Marinho,Estoque,,0,0,0,0,0,0,1,0,2026-06-25 20:33:29
7145,Cor:Amêndoa,Estoque,,0,0,0,0,0,0,1,0,2026-06-25 20:33:29
10807,Cor:Terracota,Estoque,,0,0,0,0,0,0,1,0,2026-06-25 20:33:29
10804,Cor:Cinza,Estoque,,0,0,0,0,0,0,1,0,2026-06-25 20:33:29
10801,Cor:Areia,Estoque,,0,0,0,0,0,0,1,0,2026-06-25 20:33:29
13759,Cor:Verde Sage,Estoque,,0,0,0,0,0,0,1,0,2026-06-25 20:33:29
13761,Cor:Terracota,Estoque,,0,0,0,0,0,0,1,0,2026-06-25 20:33:29
13763,Cor:Cinza,Estoque,,0,0,0,0,0,0,1,0,2026-06-25 20:33:29
13166,Cor:Bege Claro,Estoque,,0,0,0,0,0,0,1,0,2026-06-25 20:33:29
10350,Cor:Terracota,Estoque,,0,0,0,0,0,0,1,0,2026-06-25 20:33:29
2865,Cor:Grafite,Estoque,,0,0,0,0,0,0,1,0,2026-06-25 20:33:29
2831,Cor:Cinza com Marrom,Estoque,,0,0,0,0,0,0,1,0,2026-06-25 20:33:29
8977,Cor:Cinza,Estoque,,0,0,0,0,0,0,1,0,2026-06-25 20:33:29
2867,Cor:Azul Marinho,Estoque,,0,0,0,0,0,0,1,0,2026-06-25 20:33:29
2839,Cor:Areia,Estoque,,0,0,0,0,0,0,1,0,2026-06-25 20:33:29
2547,Cor:Areia,Estoque,,0,0,0,0,0,0,1,0,2026-06-25 20:33:29
2777,Cor:Grafite,Estoque,,0,0,0,0,0,0,1,0,2026-06-25 20:33:29
2741,Cor:Cinza com Marrom,Estoque,,0,0,0,0,0,0,1,0,2026-06-25 20:33:29
10368,Cor:Terracota,Estoque,,0,0,0,0,0,0,1,0,2026-06-25 20:33:29
3301,Cor:Marrom com Preto,Estoque,,0,0,0,0,0,0,1,0,2026-06-25 20:33:29
3343,Cor:Grafite,Estoque,,0,0,0,0,0,0,1,0,2026-06-25 20:33:29
3298,Cor:Cinza com Marrom,Estoque,,0,0,0,0,0,0,1,0,2026-06-25 20:33:29
8996,Cor:Cinza,Estoque,,0,0,0,0,0,0,1,0,2026-06-25 20:33:29
3345,Cor:Azul Marinho,Estoque,,0,0,0,0,0,0,1,0,2026-06-25 20:33:29
3307,Cor:Areia,Estoque,,0,0,0,0,0,0,1,0,2026-06-25 20:33:29
2421,Cor:Cru,Estoque,,0,0,0,0,0,0,1,0,2026-06-25 20:33:29
8613,Cor:Cru,Estoque,,0,0,0,0,0,0,1,0,2026-06-25 20:33:28
8533,Cor:Grafite,Estoque,,0,0,0,0,0,0,1,0,2026-06-25 20:33:28
8520,Cor:Cinza com Marrom,Estoque,,0,0,0,0,0,0,1,0,2026-06-25 20:33:28
9019,Cor:Cinza,Estoque,,0,0,0,0,0,0,1,0,2026-06-25 20:33:28
8536,Cor:Azul Marinho,Estoque,,0,0,0,0,0,0,1,0,2026-06-25 20:33:28
8523,Cor:Areia,Estoque,,0,0,0,0,0,0,1,0,2026-06-25 20:33:28
10430,Cor:Terracota,Estoque,,0,0,0,0,0,0,1,0,2026-06-25 20:33:28
3885,Cor:Grafite,Estoque,,0,0,0,0,0,0,1,0,2026-06-25 20:33:28
3845,Cor:Cinza com Marrom,Estoque,,0,0,0,0,0,0,1,0,2026-06-25 20:33:28
9048,Cor:Cinza,Estoque,,0,0,0,0,0,0,1,0,2026-06-25 20:33:28
3887,Cor:Azul Marinho,Estoque,,0,0,0,0,0,0,1,0,2026-06-25 20:33:28
3854,Cor:Areia,Estoque,,0,0,0,0,0,0,1,0,2026-06-25 20:33:28
12541,Cor:Terracota,Estoque,,0,0,0,0,0,0,1,0,2026-06-25 20:33:28
12544,Cor:Grafite,Estoque,,0,0,0,0,0,0,1,0,2026-06-25 20:33:28
12530,Cor:Cinza com Marrom,Estoque,,0,0,0,0,0,0,1,0,2026-06-25 20:33:28
12537,Cor:Cinza,Estoque,,0,0,0,0,0,0,1,0,2026-06-25 20:33:28
12547,Cor:Azul Marinho,Estoque,,0,0,0,0,0,0,1,0,2026-06-25 20:33:28
12534,Cor:Areia,Estoque,,0,0,0,0,0,0,1,0,2026-06-25 20:33:28
10262,Cor:Branco,Estoque,,0,0,0,0,0,0,1,0,2026-06-25 20:33:28
10277,Cor:Amêndoa,Estoque,,0,0,0,0,0,0,1,0,2026-06-25 20:33:28
3491,Cor:Grafite,Estoque,,0,0,0,0,0,0,1,0,2026-06-25 20:33:28
3452,Cor:Cinza com Marrom,Estoque,,0,0,0,0,0,0,1,0,2026-06-25 20:33:28
9002,Cor:Cinza,Estoque,,0,0,0,0,0,0,1,0,2026-06-25 20:33:28
3493,Cor:Azul Marinho,Estoque,,0,0,0,0,0,0,1,0,2026-06-25 20:33:28
3461,Cor:Areia,Estoque,,0,0,0,0,0,0,1,0,2026-06-25 20:33:28
2759,Cor:Verde Musgo,Estoque,,0,0,0,0,0,0,1,0,2026-06-25 20:33:28
2757,Cor:Preto Absoluto,Estoque,,0,0,0,0,0,0,1,0,2026-06-25 20:33:28
2767,Cor:Ferrugem,Estoque,,0,0,0,0,0,0,1,0,2026-06-25 20:33:28
2765,Cor:Azul,Estoque,,0,0,0,0,0,0,1,0,2026-06-25 20:33:28
10443,Cor:Terracota,Estoque,,0,0,0,0,0,0,1,0,2026-06-25 20:33:28
4156,Cor:Grafite,Estoque,,0,0,0,0,0,0,1,0,2026-06-25 20:33:28
4098,Cor:Cinza com Marrom,Estoque,,0,0,0,0,0,0,1,0,2026-06-25 20:33:28
9058,Cor:Cinza,Estoque,,0,0,0,0,0,0,1,0,2026-06-25 20:33:28
4159,Cor:Azul Marinho,Estoque,,0,0,0,0,0,0,1,0,2026-06-25 20:33:28
4111,Cor:Areia,Estoque,,0,0,0,0,0,0,1,0,2026-06-25 20:33:28
8588,Cor:Grafite,Estoque,,0,0,0,0,0,0,1,0,2026-06-25 20:33:28
8576,Cor:Cinza com Marrom,Estoque,,0,0,0,0,0,0,1,0,2026-06-25 20:33:28
9028,Cor:Cinza,Estoque,,0,0,0,0,0,0,1,0,2026-06-25 20:33:28
8591,Cor:Azul Marinho,Estoque,,0,0,0,0,0,0,1,0,2026-06-25 20:33:28
8579,Cor:Areia,Estoque,,0,0,0,0,0,0,1,0,2026-06-25 20:33:28
10861,Cor:Rosê,Estoque,,0,0,0,0,0,0,1,0,2026-06-25 20:33:28
1116,Cor:Off white com amêndoa,Estoque,,0,0,0,0,0,0,1,0,2026-06-25 20:33:28
10937,Cor:Cru,Estoque,,0,0,0,0,0,0,1,0,2026-06-25 20:33:28
15327,Cor:Verde Sage,Estoque,,0,0,0,0,0,0,1,0,2026-06-25 20:33:28
15323,Cor:Terracota,Estoque,,0,0,0,0,0,0,1,0,2026-06-25 20:33:28
15326,Cor:Cinza com Marrom,Estoque,,0,0,0,0,0,0,1,0,2026-06-25 20:33:28
15325,Cor:Cinza,Estoque,,0,0,0,0,0,0,1,0,2026-06-25 20:33:28
15324,Cor:Areia,Estoque,,0,0,0,0,0,0,1,0,2026-06-25 20:33:28
12521,Cor:Terracota,Estoque,,0,0,0,0,0,0,1,0,2026-06-25 20:33:28
12524,Cor:Grafite,Estoque,,0,0,0,0,0,0,1,0,2026-06-25 20:33:28
12512,Cor:Cinza com Marrom,Estoque,,0,0,0,0,0,0,1,0,2026-06-25 20:33:28
12518,Cor:Cinza,Estoque,,0,0,0,0,0,0,1,0,2026-06-25 20:33:28
12522,Cor:Azul Marinho,Estoque,,0,0,0,0,0,0,1,0,2026-06-25 20:33:28
12515,Cor:Areia,Estoque,,0,0,0,0,0,0,1,0,2026-06-25 20:33:28
10902,Cor:Terracota,Estoque,,0,0,0,0,0,0,1,0,2026-06-25 20:33:28
10901,Cor:Cinza,Estoque,,0,0,0,0,0,0,1,0,2026-06-25 20:33:28
10900,Cor:Areia,Estoque,,0,0,0,0,0,0,1,0,2026-06-25 20:33:28
10072,Cor:Rosê,Estoque,,0,0,0,0,0,0,1,0,2026-06-25 20:33:28
2789,Cor:Marrom com Preto,Estoque,,0,0,0,0,0,0,1,0,2026-06-25 20:33:28
10370,Cor:Terracota,Estoque,,0,0,0,0,0,0,1,0,2026-06-25 20:33:28
3392,Cor:Grafite,Estoque,,0,0,0,0,0,0,1,0,2026-06-25 20:33:28
3354,Cor:Cinza com Marrom,Estoque,,0,0,0,0,0,0,1,0,2026-06-25 20:33:28
8998,Cor:Cinza,Estoque,,0,0,0,0,0,0,1,0,2026-06-25 20:33:28
3394,Cor:Azul Marinho,Estoque,,0,0,0,0,0,0,1,0,2026-06-25 20:33:28
3362,Cor:Areia,Estoque,,0,0,0,0,0,0,1,0,2026-06-25 20:33:28
10434,Cor:Terracota,Estoque,,0,0,0,0,0,0,1,0,2026-06-25 20:33:28
4082,Cor:Grafite,Estoque,,0,0,0,0,0,0,1,0,2026-06-25 20:33:28
4022,Cor:Cinza com Marrom,Estoque,,0,0,0,0,0,0,1,0,2026-06-25 20:33:28
9055,Cor:Cinza,Estoque,,0,0,0,0,0,0,1,0,2026-06-25 20:33:28
4085,Cor:Azul Marinho,Estoque,,0,0,0,0,0,0,1,0,2026-06-25 20:33:28
4035,Cor:Areia,Estoque,,0,0,0,0,0,0,1,0,2026-06-25 20:33:28
10354,Cor:Terracota,Estoque,,0,0,0,0,0,0,1,0,2026-06-25 20:33:28
8930,Cor:Cinza,Estoque,,0,0,0,0,0,0,1,0,2026-06-25 20:33:28
2335,Cor:Azul Marinho,Estoque,,0,0,0,0,0,0,1,0,2026-06-25 20:33:28
2307,Cor:Areia,Estoque,,0,0,0,0,0,0,1,0,2026-06-25 20:33:28
7146,Cor:Amêndoa,Estoque,,0,0,0,0,0,0,1,0,2026-06-25 20:33:28
10880,Cor:Cru,Estoque,,0,0,0,0,0,0,1,0,2026-06-25 20:33:28
11777,Cor:Off White,Estoque,,0,0,0,0,0,0,1,0,2026-06-25 20:33:28
12391,Cor:Terracota,Estoque,,0,0,0,0,0,0,1,0,2026-06-25 20:33:28
12394,Cor:Grafite,Estoque,,0,0,0,0,0,0,1,0,2026-06-25 20:33:28
12382,Cor:Cinza com Marrom,Estoque,,0,0,0,0,0,0,1,0,2026-06-25 20:33:28
12388,Cor:Cinza,Estoque,,0,0,0,0,0,0,1,0,2026-06-25 20:33:28
12397,Cor:Azul Marinho,Estoque,,0,0,0,0,0,0,1,0,2026-06-25 20:33:28
12385,Cor:Areia,Estoque,,0,0,0,0,0,0,1,0,2026-06-25 20:33:28
2678,Cor:Grafite,Estoque,,0,0,0,0,0,0,1,0,2026-06-25 20:33:28
2643,Cor:Cinza com Marrom,Estoque,,0,0,0,0,0,0,1,0,2026-06-25 20:33:28
2680,Cor:Azul Marinho,Estoque,,0,0,0,0,0,0,1,0,2026-06-25 20:33:28
2651,Cor:Areia,Estoque,,0,0,0,0,0,0,1,0,2026-06-25 20:33:28
10837,Cor:Terracota,Estoque,,0,0,0,0,0,0,1,0,2026-06-25 20:33:28
10835,Cor:Cinza,Estoque,,0,0,0,0,0,0,1,0,2026-06-25 20:33:28
10833,Cor:Azul Marinho,Estoque,,0,0,0,0,0,0,1,0,2026-06-25 20:33:28
10831,Cor:Areia,Estoque,,0,0,0,0,0,0,1,0,2026-06-25 20:33:28
2349,Cor:Verde Sage,Estoque,,0,0,0,0,0,0,1,0,2026-06-25 20:33:28
2379,Cor:Grafite,Estoque,,0,0,0,0,0,0,1,0,2026-06-25 20:33:28
2343,Cor:Cinza com Marrom,Estoque,,0,0,0,0,0,0,1,0,2026-06-25 20:33:28
8963,Cor:Cinza,Estoque,,0,0,0,0,0,0,1,0,2026-06-25 20:33:28
2381,Cor:Azul Marinho,Estoque,,0,0,0,0,0,0,1,0,2026-06-25 20:33:28
2351,Cor:Areia,Estoque,,0,0,0,0,0,0,1,0,2026-06-25 20:33:28
10356,Cor:Terracota,Estoque,,0,0,0,0,0,0,1,0,2026-06-25 20:33:28
3052,Cor:Grafite,Estoque,,0,0,0,0,0,0,1,0,2026-06-25 20:33:28
2995,Cor:Cinza com Marrom,Estoque,,0,0,0,0,0,0,1,0,2026-06-25 20:33:28
8984,Cor:Cinza,Estoque,,0,0,0,0,0,0,1,0,2026-06-25 20:33:28
3056,Cor:Azul Marinho,Estoque,,0,0,0,0,0,0,1,0,2026-06-25 20:33:28
3007,Cor:Areia,Estoque,,0,0,0,0,0,0,1,0,2026-06-25 20:33:28
8388,Cor:Grafite,Estoque,,0,0,0,0,0,0,1,0,2026-06-25 20:33:28
8376,Cor:Cinza com Marrom,Estoque,,0,0,0,0,0,0,1,0,2026-06-25 20:33:28
9016,Cor:Cinza,Estoque,,0,0,0,0,0,0,1,0,2026-06-25 20:33:28
8391,Cor:Azul Marinho,Estoque,,0,0,0,0,0,0,1,0,2026-06-25 20:33:28
8379,Cor:Areia,Estoque,,0,0,0,0,0,0,1,0,2026-06-25 20:33:28
2198,Cor:Cru,Estoque,,0,0,0,0,0,0,1,0,2026-06-25 20:33:28
12373,Cor:Terracota,Estoque,,0,0,0,0,0,0,1,0,2026-06-25 20:33:28
12376,Cor:Grafite,Estoque,,0,0,0,0,0,0,1,0,2026-06-25 20:33:28
12364,Cor:Cinza com Marrom,Estoque,,0,0,0,0,0,0,1,0,2026-06-25 20:33:28
12370,Cor:Cinza,Estoque,,0,0,0,0,0,0,1,0,2026-06-25 20:33:28
12379,Cor:Azul Marinho,Estoque,,0,0,0,0,0,0,1,0,2026-06-25 20:33:28
12367,Cor:Areia,Estoque,,0,0,0,0,0,0,1,0,2026-06-25 20:33:28
8683,Cor:Off white com amêndoa,Estoque,,0,0,0,0,0,0,1,0,2026-06-25 20:33:28
8675,Cor:Amêndoa,Estoque,,0,0,0,0,0,0,1,0,2026-06-25 20:33:28
3540,Cor:Grafite,Estoque,,0,0,0,0,0,0,1,0,2026-06-25 20:33:28
3501,Cor:Cinza com Marrom,Estoque,,0,0,0,0,0,0,1,0,2026-06-25 20:33:28
9034,Cor:Cinza,Estoque,,0,0,0,0,0,0,1,0,2026-06-25 20:33:28
3542,Cor:Azul Marinho,Estoque,,0,0,0,0,0,0,1,0,2026-06-25 20:33:28
3510,Cor:Areia,Estoque,,0,0,0,0,0,0,1,0,2026-06-25 20:33:28
16177,Cor:Verde Sage,Estoque,,0,0,0,0,0,0,1,0,2026-06-25 20:33:28
16182,Cor:Terracota,Estoque,,0,0,0,0,0,0,1,0,2026-06-25 20:33:28
10810,Cor:Rosê,Estoque,,0,0,0,0,0,0,1,0,2026-06-25 20:33:28
3588,Cor:Grafite,Estoque,,0,0,0,0,0,0,1,0,2026-06-25 20:33:28
3550,Cor:Cinza com Marrom,Estoque,,0,0,0,0,0,0,1,0,2026-06-25 20:33:28
9036,Cor:Cinza,Estoque,,0,0,0,0,0,0,1,0,2026-06-25 20:33:28
3590,Cor:Azul Marinho,Estoque,,0,0,0,0,0,0,1,0,2026-06-25 20:33:27
3558,Cor:Areia,Estoque,,0,0,0,0,0,0,1,0,2026-06-25 20:33:27
1247,Cor:Preto com amêndoa,Estoque,,0,0,0,0,0,0,1,0,2026-06-25 20:33:27
1245,Cor:Off white com amêndoa,Estoque,,0,0,0,0,0,0,1,0,2026-06-25 20:33:27
1243,Cor:Freijó,Estoque,,0,0,0,0,0,0,1,0,2026-06-25 20:33:27
1241,Cor:Branco com amêndoa,Estoque,,0,0,0,0,0,0,1,0,2026-06-25 20:33:27
12909,Cor:Off White com Preto,Estoque,,0,0,0,0,0,0,1,0,2026-06-25 20:33:27
12905,Cor:Off White com Dourado,Estoque,,0,0,0,0,0,0,1,0,2026-06-25 20:33:27
12907,Cor:Amêndoa com Preto,Estoque,,0,0,0,0,0,0,1,0,2026-06-25 20:33:27
12903,Cor:Amêndoa com Dourado,Estoque,,0,0,0,0,0,0,1,0,2026-06-25 20:33:27
14095,Cor:Off White com Nature,Estoque,,0,0,0,0,0,0,1,0,2026-06-25 20:33:27
6166,Cor:Off White com Amêndoa,Estoque,,0,0,0,0,0,0,1,0,2026-06-25 20:33:27
8685,Cor:Rosê,Estoque,,0,0,0,0,0,0,1,0,2026-06-25 20:33:27
10378,Cor:Terracota,Estoque,,0,0,0,0,0,0,1,0,2026-06-25 20:33:27
3747,Cor:Cinza com Marrom,Estoque,,0,0,0,0,0,0,1,0,2026-06-25 20:33:27
9044,Cor:Cinza,Estoque,,0,0,0,0,0,0,1,0,2026-06-25 20:33:27
3787,Cor:Azul Marinho,Estoque,,0,0,0,0,0,0,1,0,2026-06-25 20:33:27
3755,Cor:Areia,Estoque,,0,0,0,0,0,0,1,0,2026-06-25 20:33:27
1180,Cor:Preto com amêndoa,Estoque,,0,0,0,0,0,0,1,0,2026-06-25 20:33:27
1174,Cor:Off white com amêndoa,Estoque,,0,0,0,0,0,0,1,0,2026-06-25 20:33:27
1165,Cor:Branco com amêndoa,Estoque,,0,0,0,0,0,0,1,0,2026-06-25 20:33:27
1170,Cor:Amêndoa,Estoque,,0,0,0,0,0,0,1,0,2026-06-25 20:33:27
4246,Cor:Marrom com Preto,Estoque,,0,0,0,0,0,0,1,0,2026-06-25 20:33:27
2723,Cor:Grafite,Estoque,,0,0,0,0,0,0,1,0,2026-06-25 20:33:27
2686,Cor:Cinza com Marrom,Estoque,,0,0,0,0,0,0,1,0,2026-06-25 20:33:27
2725,Cor:Azul Marinho,Estoque,,0,0,0,0,0,0,1,0,2026-06-25 20:33:27
2694,Cor:Areia,Estoque,,0,0,0,0,0,0,1,0,2026-06-25 20:33:27
12582,Cor:Terracota,Estoque,,0,0,0,0,0,0,1,0,2026-06-25 20:33:27
12585,Cor:Grafite,Estoque,,0,0,0,0,0,0,1,0,2026-06-25 20:33:27
12570,Cor:Cinza com Marrom,Estoque,,0,0,0,0,0,0,1,0,2026-06-25 20:33:27
12579,Cor:Cinza,Estoque,,0,0,0,0,0,0,1,0,2026-06-25 20:33:27
12588,Cor:Azul Marinho,Estoque,,0,0,0,0,0,0,1,0,2026-06-25 20:33:27
12574,Cor:Areia,Estoque,,0,0,0,0,0,0,1,0,2026-06-25 20:33:27
12503,Cor:Terracota,Estoque,,0,0,0,0,0,0,1,0,2026-06-25 20:33:27
12506,Cor:Grafite,Estoque,,0,0,0,0,0,0,1,0,2026-06-25 20:33:27
12491,Cor:Cinza com Marrom,Estoque,,0,0,0,0,0,0,1,0,2026-06-25 20:33:27
12500,Cor:Cinza,Estoque,,0,0,0,0,0,0,1,0,2026-06-25 20:33:27
12509,Cor:Azul Marinho,Estoque,,0,0,0,0,0,0,1,0,2026-06-25 20:33:27
12497,Cor:Areia,Estoque,,0,0,0,0,0,0,1,0,2026-06-25 20:33:27
12642,Cor:Terracota,Estoque,,0,0,0,0,0,0,1,0,2026-06-25 20:33:27
12643,Cor:Grafite,Estoque,,0,0,0,0,0,0,1,0,2026-06-25 20:33:27
12631,Cor:Cinza com Marrom,Estoque,,0,0,0,0,0,0,1,0,2026-06-25 20:33:27
12637,Cor:Cinza,Estoque,,0,0,0,0,0,0,1,0,2026-06-25 20:33:27
12646,Cor:Azul Marinho,Estoque,,0,0,0,0,0,0,1,0,2026-06-25 20:33:27
12634,Cor:Areia,Estoque,,0,0,0,0,0,0,1,0,2026-06-25 20:33:27
10943,Cor:Cru,Estoque,,0,0,0,0,0,0,1,0,2026-06-25 20:33:27
3685,Cor:Cru,Estoque,,0,0,0,0,0,0,1,0,2026-06-25 20:33:27
10362,Cor:Terracota,Estoque,,0,0,0,0,0,0,1,0,2026-06-25 20:33:27
3202,Cor:Grafite,Estoque,,0,0,0,0,0,0,1,0,2026-06-25 20:33:27
3143,Cor:Cinza com Marrom,Estoque,,0,0,0,0,0,0,1,0,2026-06-25 20:33:27
8990,Cor:Cinza,Estoque,,0,0,0,0,0,0,1,0,2026-06-25 20:33:27
3205,Cor:Azul Marinho,Estoque,,0,0,0,0,0,0,1,0,2026-06-25 20:33:27
3156,Cor:Areia,Estoque,,0,0,0,0,0,0,1,0,2026-06-25 20:33:27
4957,Cor:Cinza com Marrom,Estoque,,0,0,0,0,0,0,1,0,2026-06-25 20:33:27
4965,Cor:Areia,Estoque,,0,0,0,0,0,0,1,0,2026-06-25 20:33:27
13738,Cor:Verde Sage,Estoque,,0,0,0,0,0,0,1,0,2026-06-25 20:33:27
13732,Cor:Terracota,Estoque,,0,0,0,0,0,0,1,0,2026-06-25 20:33:27
13736,Cor:Cinza,Estoque,,0,0,0,0,0,0,1,0,2026-06-25 20:33:27
13788,Cor:Bege Claro,Estoque,,0,0,0,0,0,0,1,0,2026-06-25 20:33:27
13712,Cor:Areia,Estoque,,0,0,0,0,0,0,1,0,2026-06-25 20:33:27
12559,Cor:Terracota,Estoque,,0,0,0,0,0,0,1,0,2026-06-25 20:33:27
12562,Cor:Grafite,Estoque,,0,0,0,0,0,0,1,0,2026-06-25 20:33:27
12550,Cor:Cinza com Marrom,Estoque,,0,0,0,0,0,0,1,0,2026-06-25 20:33:27
12556,Cor:Cinza,Estoque,,0,0,0,0,0,0,1,0,2026-06-25 20:33:27
12565,Cor:Azul Marinho,Estoque,,0,0,0,0,0,0,1,0,2026-06-25 20:33:27
12553,Cor:Areia,Estoque,,0,0,0,0,0,0,1,0,2026-06-25 20:33:27
3504,Cor:Marrom com Preto,Estoque,,0,0,0,0,0,0,1,0,2026-06-25 20:33:27
5099,Cor:Verde Sage,Estoque,,0,0,0,0,0,0,1,0,2026-06-25 20:33:27
5093,Cor:Cinza com Marrom,Estoque,,0,0,0,0,0,0,1,0,2026-06-25 20:33:27
8932,Cor:Cinza,Estoque,,0,0,0,0,0,0,1,0,2026-06-25 20:33:27
5101,Cor:Areia,Estoque,,0,0,0,0,0,0,1,0,2026-06-25 20:33:27
12409,Cor:Terracota,Estoque,,0,0,0,0,0,0,1,0,2026-06-25 20:33:27
12412,Cor:Grafite,Estoque,,0,0,0,0,0,0,1,0,2026-06-25 20:33:27
12400,Cor:Cinza com Marrom,Estoque,,0,0,0,0,0,0,1,0,2026-06-25 20:33:27
12406,Cor:Cinza,Estoque,,0,0,0,0,0,0,1,0,2026-06-25 20:33:27
12415,Cor:Azul Marinho,Estoque,,0,0,0,0,0,0,1,0,2026-06-25 20:33:27
12403,Cor:Areia,Estoque,,0,0,0,0,0,0,1,0,2026-06-25 20:33:27
8551,Cor:Grafite,Estoque,,0,0,0,0,0,0,1,0,2026-06-25 20:33:27
8539,Cor:Cinza com Marrom,Estoque,,0,0,0,0,0,0,1,0,2026-06-25 20:33:27
9022,Cor:Cinza,Estoque,,0,0,0,0,0,0,1,0,2026-06-25 20:33:27
8554,Cor:Azul Marinho,Estoque,,0,0,0,0,0,0,1,0,2026-06-25 20:33:27
8542,Cor:Areia,Estoque,,0,0,0,0,0,0,1,0,2026-06-25 20:33:27
1626,Cor:Off white com amêndoa,Estoque,,0,0,0,0,0,0,1,0,2026-06-25 20:33:27
1618,Cor:Carvalho,Estoque,,0,0,0,0,0,0,1,0,2026-06-25 20:33:27
1622,Cor:Amêndoa,Estoque,,0,0,0,0,0,0,1,0,2026-06-25 20:33:27
8567,Cor:Cru,Estoque,,0,0,0,0,0,0,1,0,2026-06-25 20:33:27
2182,Cor:Verde Musgo,Estoque,,0,0,0,0,0,0,1,0,2026-06-25 20:33:27
2178,Cor:Preto,Estoque,,0,0,0,0,0,0,1,0,2026-06-25 20:33:27
8319,Cor:Grafite,Estoque,,0,0,0,0,0,0,1,0,2026-06-25 20:33:27
8313,Cor:Cinza com Marrom,Estoque,,0,0,0,0,0,0,1,0,2026-06-25 20:33:27
9004,Cor:Cinza,Estoque,,0,0,0,0,0,0,1,0,2026-06-25 20:33:27
8306,Cor:Azul Marinho,Estoque,,0,0,0,0,0,0,1,0,2026-06-25 20:33:27
8303,Cor:Areia,Estoque,,0,0,0,0,0,0,1,0,2026-06-25 20:33:27
10352,Cor:Terracota,Estoque,,0,0,0,0,0,0,1,0,2026-06-25 20:33:27
2913,Cor:Grafite,Estoque,,0,0,0,0,0,0,1,0,2026-06-25 20:33:27
2875,Cor:Cinza com Marrom,Estoque,,0,0,0,0,0,0,1,0,2026-06-25 20:33:27
8979,Cor:Cinza,Estoque,,0,0,0,0,0,0,1,0,2026-06-25 20:33:27
2915,Cor:Azul Marinho,Estoque,,0,0,0,0,0,0,1,0,2026-06-25 20:33:27
2883,Cor:Areia,Estoque,,0,0,0,0,0,0,1,0,2026-06-25 20:33:27
1503,Cor:Off white com amêndoa,Estoque,,0,0,0,0,0,0,1,0,2026-06-25 20:33:27
1499,Cor:Amêndoa,Estoque,,0,0,0,0,0,0,1,0,2026-06-25 20:33:27
10428,Cor:Terracota,Estoque,,0,0,0,0,0,0,1,0,2026-06-25 20:33:27
3835,Cor:Grafite,Estoque,,0,0,0,0,0,0,1,0,2026-06-25 20:33:27
3795,Cor:Cinza com Marrom,Estoque,,0,0,0,0,0,0,1,0,2026-06-25 20:33:27
9046,Cor:Cinza,Estoque,,0,0,0,0,0,0,1,0,2026-06-25 20:33:27
3837,Cor:Azul Marinho,Estoque,,0,0,0,0,0,0,1,0,2026-06-25 20:33:27
3804,Cor:Areia,Estoque,,0,0,0,0,0,0,1,0,2026-06-25 20:33:27
10924,Cor:Rosê,Estoque,,0,0,0,0,0,0,1,0,2026-06-25 20:33:27
10874,Cor:Rosê,Estoque,,0,0,0,0,0,0,1,0,2026-06-25 20:33:27
2911,Cor:Cru,Estoque,,0,0,0,0,0,0,1,0,2026-06-25 20:33:27
10374,Cor:Terracota,Estoque,,0,0,0,0,0,0,1,0,2026-06-25 20:33:27
3687,Cor:Grafite,Estoque,,0,0,0,0,0,0,1,0,2026-06-25 20:33:27
3649,Cor:Cinza com Marrom,Estoque,,0,0,0,0,0,0,1,0,2026-06-25 20:33:27
9040,Cor:Cinza,Estoque,,0,0,0,0,0,0,1,0,2026-06-25 20:33:27
3689,Cor:Azul Marinho,Estoque,,0,0,0,0,0,0,1,0,2026-06-25 20:33:27
3657,Cor:Areia,Estoque,,0,0,0,0,0,0,1,0,2026-06-25 20:33:27
8370,Cor:Grafite,Estoque,,0,0,0,0,0,0,1,0,2026-06-25 20:33:27
8358,Cor:Cinza com Marrom,Estoque,,0,0,0,0,0,0,1,0,2026-06-25 20:33:27
9013,Cor:Cinza,Estoque,,0,0,0,0,0,0,1,0,2026-06-25 20:33:27
8374,Cor:Azul Marinho,Estoque,,0,0,0,0,0,0,1,0,2026-06-25 20:33:27
8361,Cor:Areia,Estoque,,0,0,0,0,0,0,1,0,2026-06-25 20:33:27
1227,Cor:Off white com amêndoa,Estoque,,0,0,0,0,0,0,1,0,2026-06-25 20:33:27
1742,Cor:Branco com amêndoa,Estoque,,0,0,0,0,0,0,1,0,2026-06-25 20:33:27
1225,Cor:Amêndoa,Estoque,,0,0,0,0,0,0,1,0,2026-06-25 20:33:27
2819,Cor:Cru,Estoque,,0,0,0,0,0,0,1,0,2026-06-25 20:33:27
10913,Cor:Cru,Estoque,,0,0,0,0,0,0,1,0,2026-06-25 20:33:27
10446,Cor:Terracota,Estoque,,0,0,0,0,0,0,1,0,2026-06-25 20:33:27
4370,Cor:Grafite,Estoque,,0,0,0,0,0,0,1,0,2026-06-25 20:33:27
4312,Cor:Cinza com Marrom,Estoque,,0,0,0,0,0,0,1,0,2026-06-25 20:33:27
9067,Cor:Cinza,Estoque,,0,0,0,0,0,0,1,0,2026-06-25 20:33:27
4373,Cor:Azul Marinho,Estoque,,0,0,0,0,0,0,1,0,2026-06-25 20:33:27
4325,Cor:Areia,Estoque,,0,0,0,0,0,0,1,0,2026-06-25 20:33:26
7150,Cor:Amêndoa,Estoque,,0,0,0,0,0,0,1,0,2026-06-25 20:33:26
8334,Cor:Grafite,Estoque,,0,0,0,0,0,0,1,0,2026-06-25 20:33:26
8322,Cor:Cinza com Marrom,Estoque,,0,0,0,0,0,0,1,0,2026-06-25 20:33:26
9007,Cor:Cinza,Estoque,,0,0,0,0,0,0,1,0,2026-06-25 20:33:26
8337,Cor:Azul Marinho,Estoque,,0,0,0,0,0,0,1,0,2026-06-25 20:33:26
8325,Cor:Areia,Estoque,,0,0,0,0,0,0,1,0,2026-06-25 20:33:26
1330,Cor:Off white com amêndoa,Estoque,,0,0,0,0,0,0,1,0,2026-06-25 20:33:26
1326,Cor:Branco com amêndoa,Estoque,,0,0,0,0,0,0,1,0,2026-06-25 20:33:26
1328,Cor:Amêndoa,Estoque,,0,0,0,0,0,0,1,0,2026-06-25 20:33:26
7120,Cor:Off White com Amêndoa,Estoque,,0,0,0,0,0,0,1,0,2026-06-25 20:33:26
10078,Cor:Rosê,Estoque,,0,0,0,0,0,0,1,0,2026-06-25 20:33:26
10823,Cor:Terracota,Estoque,,0,0,0,0,0,0,1,0,2026-06-25 20:33:26
10822,Cor:Cinza,Estoque,,0,0,0,0,0,0,1,0,2026-06-25 20:33:26
10829,Cor:Azul Marinho,Estoque,,0,0,0,0,0,0,1,0,2026-06-25 20:33:26
10819,Cor:Areia,Estoque,,0,0,0,0,0,0,1,0,2026-06-25 20:33:26
10437,Cor:Terracota,Estoque,,0,0,0,0,0,0,1,0,2026-06-25 20:33:26
3953,Cor:Marrom com Preto,Estoque,,0,0,0,0,0,0,1,0,2026-06-25 20:33:26
4007,Cor:Grafite,Estoque,,0,0,0,0,0,0,1,0,2026-06-25 20:33:26
9052,Cor:Cinza,Estoque,,0,0,0,0,0,0,1,0,2026-06-25 20:33:26
4010,Cor:Azul Marinho,Estoque,,0,0,0,0,0,0,1,0,2026-06-25 20:33:26
3962,Cor:Areia,Estoque,,0,0,0,0,0,0,1,0,2026-06-25 20:33:26
3950,Cor: Cinza com Marrom,Estoque,,0,0,0,0,0,0,1,0,2026-06-25 20:33:26
10307,Cor:Off White,Estoque,,0,0,0,0,0,0,1,0,2026-06-25 20:33:26
10452,Cor:Terracota,Estoque,,0,0,0,0,0,0,1,0,2026-06-25 20:33:26
4502,Cor:Grafite,Estoque,,0,0,0,0,0,0,1,0,2026-06-25 20:33:26
4448,Cor:Cinza com Marrom,Estoque,,0,0,0,0,0,0,1,0,2026-06-25 20:33:26
9073,Cor:Cinza,Estoque,,0,0,0,0,0,0,1,0,2026-06-25 20:33:26
4505,Cor:Azul Marinho,Estoque,,0,0,0,0,0,0,1,0,2026-06-25 20:33:26
4460,Cor:Areia,Estoque,,0,0,0,0,0,0,1,0,2026-06-25 20:33:26
10365,Cor:Terracota,Estoque,,0,0,0,0,0,0,1,0,2026-06-25 20:33:26
3282,Cor:Grafite,Estoque,,0,0,0,0,0,0,1,0,2026-06-25 20:33:26
3221,Cor:Cinza com Marrom,Estoque,,0,0,0,0,0,0,1,0,2026-06-25 20:33:26
8993,Cor:Cinza,Estoque,,0,0,0,0,0,0,1,0,2026-06-25 20:33:26
3285,Cor:Azul Marinho,Estoque,,0,0,0,0,0,0,1,0,2026-06-25 20:33:26
3235,Cor:Areia,Estoque,,0,0,0,0,0,0,1,0,2026-06-25 20:33:26
3636,Cor:Grafite,Estoque,,0,0,0,0,0,0,1,0,2026-06-25 20:33:26
3598,Cor:Cinza com Marrom,Estoque,,0,0,0,0,0,0,1,0,2026-06-25 20:33:26
9038,Cor:Cinza,Estoque,,0,0,0,0,0,0,1,0,2026-06-25 20:33:26
3638,Cor:Azul Marinho,Estoque,,0,0,0,0,0,0,1,0,2026-06-25 20:33:26
3606,Cor:Areia,Estoque,,0,0,0,0,0,0,1,0,2026-06-25 20:33:26
8784,Cor:Nature,Estoque,,0,0,0,0,0,0,1,0,2026-06-25 20:33:26
1176,Cor:Branco,Estoque,,0,0,0,0,0,0,1,0,2026-06-25 20:33:26
15329,Cor:Verde Sage,Estoque,,0,0,0,0,0,0,1,0,2026-06-25 20:33:26
15331,Cor:Terracota,Estoque,,0,0,0,0,0,0,1,0,2026-06-25 20:33:26
15328,Cor:Cinza com Marrom,Estoque,,0,0,0,0,0,0,1,0,2026-06-25 20:33:26
15332,Cor:Cinza,Estoque,,0,0,0,0,0,0,1,0,2026-06-25 20:33:26
15330,Cor:Areia,Estoque,,0,0,0,0,0,0,1,0,2026-06-25 20:33:26
10131,Cor:Terracota,Estoque,,0,0,0,0,0,0,1,0,2026-06-25 20:33:26
10135,Cor:Cinza,Estoque,,0,0,0,0,0,0,1,0,2026-06-25 20:33:26
10129,Cor:Areia,Estoque,,0,0,0,0,0,0,1,0,2026-06-25 20:33:26
2661,Cor:Verde Musgo,Estoque,,0,0,0,0,0,0,1,0,2026-06-25 20:33:26
2659,Cor:Preto Absoluto,Estoque,,0,0,0,0,0,0,1,0,2026-06-25 20:33:26
11566,Cor:Ferrugem,Estoque,,0,0,0,0,0,0,1,0,2026-06-25 20:33:26
2667,Cor:Azul,Estoque,,0,0,0,0,0,0,1,0,2026-06-25 20:33:26
868,Cor:Off white com amêndoa,Estoque,,0,0,0,0,0,0,1,0,2026-06-25 20:33:26
866,Cor:Branco com amêndoa,Estoque,,0,0,0,0,0,0,1,0,2026-06-25 20:33:26
867,Cor:Amêndoa,Estoque,,0,0,0,0,0,0,1,0,2026-06-25 20:33:26
8352,Cor:Grafite,Estoque,,0,0,0,0,0,0,1,0,2026-06-25 20:33:26
9010,Cor:Cinza,Estoque,,0,0,0,0,0,0,1,0,2026-06-25 20:33:26
8355,Cor:Azul Marinho,Estoque,,0,0,0,0,0,0,1,0,2026-06-25 20:33:26
8343,Cor:Areia,Estoque,,0,0,0,0,0,0,1,0,2026-06-25 20:33:26
6157,Cor:Off White com Amêndoa,Estoque,,0,0,0,0,0,0,1,0,2026-06-25 20:33:26
10903,Cor:Rosê,Estoque,,0,0,0,0,0,0,1,0,2026-06-25 20:33:26
13267,Cor:Linho Cinza-escuro,Estoque,,0,0,0,0,0,0,1,0,2026-06-25 20:33:26
13269,Cor:Linho Cinza,Estoque,,0,0,0,0,0,0,1,0,2026-06-25 20:33:26
13265,Cor:Linho Bege,Estoque,,0,0,0,0,0,0,1,0,2026-06-25 20:33:26
10137,Cor:Rosê,Estoque,,0,0,0,0,0,0,1,0,2026-06-25 20:33:26
8349,Cor:Cru,Estoque,,0,0,0,0,0,0,1,0,2026-06-25 20:33:26
8585,Cor:Cru,Estoque,,0,0,0,0,0,0,1,0,2026-06-25 20:33:26
10885,Cor:Rosê,Estoque,,0,0,0,0,0,0,1,0,2026-06-25 20:33:26
1199,Cor:Preto com amêndoa,Estoque,,0,0,0,0,0,0,1,0,2026-06-25 20:33:26
1195,Cor:Off white com amêndoa,Estoque,,0,0,0,0,0,0,1,0,2026-06-25 20:33:26
1185,Cor:Branco com amêndoa,Estoque,,0,0,0,0,0,0,1,0,2026-06-25 20:33:26
1191,Cor:Amêndoa,Estoque,,0,0,0,0,0,0,1,0,2026-06-25 20:33:26
4609,Cor:Grafite,Estoque,,0,0,0,0,0,0,1,0,2026-06-25 20:33:26
4602,Cor:Cinza com Marrom,Estoque,,0,0,0,0,0,0,1,0,2026-06-25 20:33:26
8961,Cor:Cinza,Estoque,,0,0,0,0,0,0,1,0,2026-06-25 20:33:26
4611,Cor:Azul Marinho,Estoque,,0,0,0,0,0,0,1,0,2026-06-25 20:33:26
4605,Cor:Areia,Estoque,,0,0,0,0,0,0,1,0,2026-06-25 20:33:26
7149,Cor:Amêndoa,Estoque,,0,0,0,0,0,0,1,0,2026-06-25 20:33:26
10348,Cor:Terracota,Estoque,,0,0,0,0,0,0,1,0,2026-06-25 20:33:26
2821,Cor:Grafite,Estoque,,0,0,0,0,0,0,1,0,2026-06-25 20:33:26
2787,Cor:Cinza com Marrom,Estoque,,0,0,0,0,0,0,1,0,2026-06-25 20:33:26
8975,Cor:Cinza,Estoque,,0,0,0,0,0,0,1,0,2026-06-25 20:33:26
2823,Cor:Azul Marinho,Estoque,,0,0,0,0,0,0,1,0,2026-06-25 20:33:26
2795,Cor:Areia,Estoque,,0,0,0,0,0,0,1,0,2026-06-25 20:33:26
10890,Cor:Terracota,Estoque,,0,0,0,0,0,0,1,0,2026-06-25 20:33:26
10889,Cor:Cinza,Estoque,,0,0,0,0,0,0,1,0,2026-06-25 20:33:26
10893,Cor:Azul Marinho,Estoque,,0,0,0,0,0,0,1,0,2026-06-25 20:33:26
10888,Cor:Areia,Estoque,,0,0,0,0,0,0,1,0,2026-06-25 20:33:26
CALI-PAI,Escrivaninha Mesa Computador Califórnia,Estoque,,0,0,0,0,0,0,1,0,2026-06-25 20:33:25
2903,"Estante Ripada Decorativa Tv Até 75 Polegadas 2,50x1,60m",Estoque,,0,0,0,0,0,0,1,0,2026-06-25 20:33:25
7890012700547,PRODUTO CERTO - REPLICACAO,Estoque,,0,0,0,0,0,0,1,0,2026-06-25 20:33:25
3749,Sofá Living 4 Lugares Lin 230cm Linhão Marrom Com Preto,Estoque,,0,0,0,0,0,0,1,0,2026-06-25 20:33:25
9780,"Cabeceira Ripada Casal Queen Detroit 1,60 Luxo Nature",Estoque,,0,0,0,0,0,0,1,0,2026-06-25 20:33:25
9779,"Cabeceira Ripada Casal Queen Detroit 1,60 Luxo Várias Cores",Estoque,,0,0,0,0,0,0,1,0,2026-06-25 20:33:25
16005,Aparador Buffet Decorativo Sofisticado Duna Com Portas Ripadas Nature - Minha Loja De Móveis,Estoque,,0,0,0,0,0,0,1,0,2026-06-25 20:33:25
3848,Sofá Loft 194cm no Linhao Marrom com Preto,Estoque,,0,0,0,0,0,0,1,0,2026-06-25 20:33:24
14426,Aparador Moderno Adega Duna Nature Com Rodízios Espaço Para Taças Para Sala Estar - MLDM,Estoque,,0,0,0,0,0,0,1,0,2026-06-25 20:33:24
3316,Sofá Elegante Brooks 3 Lugares 180cm Tecido Linho,Estoque,,0,0,0,0,0,0,1,0,2026-06-25 20:33:24
7442,Sofá Elegante Brooks 230cm 4 Lugares Tecido Veludo Bege,Estoque,,0,0,0,0,0,0,1,0,2026-06-25 20:33:24
12957,Sofá Sofisticado Brooks 200cm Tecido Veludo Bege Claro,Estoque,,0,0,0,0,0,0,1,0,2026-06-25 20:33:24
2225,Poltrona Brooks Base Em Madeira Estofado Em Linho Marrom/preto,Estoque,,0,0,0,0,0,0,1,0,2026-06-25 20:33:24
8420,Poltrona Caraíva Com Base Em Madeira Maciça No Corino CARAMELO,Estoque,,0,0,0,0,0,0,1,0,2026-06-25 20:33:24
13513,Poltrona Premium Uxuá Pés Em Madeira Linhão Marrom/preto,Estoque,,0,0,0,0,0,0,1,0,2026-06-25 20:33:24
7089,Poltrona Caraíva Decorativa  Em Madeira  Areia Escuro,Estoque,,0,0,0,0,0,0,1,0,2026-06-25 20:33:24
9150,Poltrona Brooks Base Em Madeira  MLDM BEGE CLARO,Estoque,,0,0,0,0,0,0,1,0,2026-06-25 20:33:24
13704,Poltrona Premium Uxuá Pés Em Madeira Linho marrom,Estoque,,0,0,0,0,0,0,1,0,2026-06-25 20:33:24
9209,Poltrona Caraíva Com Base Em Madeira  Corino AREIA,Estoque,,0,0,0,0,0,0,1,0,2026-06-25 20:33:24
2283,Poltrona Caraíva Linho Rustico rose,Estoque,,0,0,0,0,0,0,1,0,2026-06-25 20:33:24
12974,Poltrona Uxuá Pés Em Madeira Veludo VERDE MUSGO,Estoque,,0,0,0,0,0,0,1,0,2026-06-25 20:33:24
13237,Poltrona Uxuá Pés Em Madeira Veludo BEGE ESCURO,Estoque,,0,0,0,0,0,0,1,0,2026-06-25 20:33:24
2305,Poltrona Pétala Linho Pés Madeira RUSTICO VERDE SAGE,Estoque,,0,0,0,0,0,0,1,0,2026-06-25 20:33:24
6821,Poltrona Caraíva  Cimento,Estoque,,0,0,0,0,0,0,1,0,2026-06-25 20:33:24
2419,Poltrona Up Com Base De Madeira Estofado Linho Cinza,Estoque,,0,0,0,0,0,0,1,0,2026-06-25 20:33:24
2239,Poltrona Brooks BEGE ESCURO,Estoque,,0,0,0,0,0,0,1,0,2026-06-25 20:33:24
3552,Sofá Hit 200 cm 3 Lugares | Linho Marrom com Preto (Ref. 3552),Estoque,,0,0,0,0,0,0,1,0,2026-06-25 20:33:24
15535,Berço Confortável 2 Em 1 Moíses Bouclê Com Alças Laterais Bouclê Off White,Estoque,,0,0,0,0,0,0,1,0,2026-06-25 20:33:24
2297,Poltrona Caraíva Linhão Marrom Misto,Estoque,,0,0,0,0,0,0,1,0,2026-06-25 20:33:24
13755,Poltrona Mona Linho Pés Madeira Linho areia 226,Estoque,,0,0,0,0,0,0,1,0,2026-06-25 20:33:24
2188,Poltrona Air Veludo Base Em Madeira AZUL,Estoque,,0,0,0,0,0,0,1,0,2026-06-25 20:33:24
9416,Poltrona Polo  AREIA SEM COSTURA,Estoque,,0,0,0,0,0,0,1,0,2026-06-25 20:33:24
2321,Poltrona Decorativa Pétala Tecido Linho Com Pés Madeira Rose,Estoque,,0,0,0,0,0,0,1,0,2026-06-25 20:33:24
2353,Poltrona Tip Com Estrutura De Madeira AREIA ESCURO,Estoque,,0,0,0,0,0,0,1,0,2026-06-25 20:33:24
2329,Poltrona Pétala Tecido Linho Com Pés Madeira Cinza 246,Estoque,,0,0,0,0,0,0,1,0,2026-06-25 20:33:24
5491,Poltrona Confortável Pétala Tecido Veludo Para Sala Quarto Ferrugem,Estoque,,0,0,0,0,1,1,1,1,2026-06-25 20:33:24
12959,Poltrona Brooklin MLDM 331 capuccino,Estoque,,0,0,0,0,0,0,1,0,2026-06-25 20:33:24
6590,Poltrona Caraíva Com Base Em Madeira No Estofado Linho Várias Cores - MLDM Linho cru,Estoque,,0,0,0,0,0,0,1,0,2026-06-25 20:33:24
13134,Poltrona Premium Uxuá Pés Em Madeira Luxo Linho Decorativa Sala Estar Recepção Várias Cores - MLDM Linho Areia,Estoque,,0,0,0,0,0,0,1,0,2026-06-25 20:33:24
8029,Poltrona  Brooklin Linho Base Em Madeira,Estoque,,0,0,0,0,0,0,1,0,2026-06-25 20:33:24
10054,Poltrona Air | Linho Rosê (Ref. 10054) (Disponibilidade: Disponível em 10 dias úteis),Estoque,,0,0,0,0,0,0,1,0,2026-06-25 20:33:24
16196,Poltrona Sofisticada Elegante Uxuá Tecido Linho Terracota Com Pés Madeira Amêndoa Para Sala Estar Escritório - Minha Loj,Estoque,,0,0,0,0,0,0,1,0,2026-06-25 20:33:24
16218,Conjunto 2 Poltronas Moderna Uxuá Tecido Linho Cor Terracota Com Pés Madeira Para Sala Recepção- Minha Loja De Móveis Li,Estoque,,0,0,0,0,0,0,1,0,2026-06-25 20:33:24
16167,Namoradeira Poltrona 2 Lugares Mona New Pés Madeira Sala Verde Sage,Estoque,,0,0,0,0,0,0,1,0,2026-06-25 20:33:24
2237,Poltrona Brooks Base Em Madeira Reforçada Estofado Em Linho Premium Ideal Sala Estar Recepção Várias Cores - MLDM Mescla,Estoque,,0,0,0,0,0,0,1,0,2026-06-25 20:33:24
16209,Sofá Booth Madri Corino Preto Estofado Banco 2 Lugares Compacto Moderno Sala Estar Restaurante Bar Cafeteria Recepção,Estoque,,0,0,0,0,0,0,1,0,2026-06-25 20:33:24
16148,Kit 2 Cadeira Jantar Málaga Confortável Linho Cor Terracota Detalhe Encosto Pés Madeira Maciça Para Sala Cozinha - Minha,Estoque,,0,0,0,0,0,0,1,0,2026-06-25 20:33:24
16211,Sofá Booth Opala Courino Preto,Estoque,,0,0,0,0,0,0,1,0,2026-06-25 20:33:24
16156,Kit 2 Cadeiras Jantar Málaga Linho Cinza,Estoque,,0,0,0,0,0,0,1,0,2026-06-25 20:33:24
1769,Cor:Off White com Amêndoa,Estoque,,0,0,0,0,0,0,1,0,2026-06-25 20:31:44
1324,Cor:Amêndoa,Estoque,,0,0,0,0,0,0,1,0,2026-06-25 20:31:44
1350,Cor:Off white com amêndoa,Estoque,,0,0,0,0,0,0,1,0,2026-06-25 20:31:44
11303,Cor:Gianduia com Nature,Estoque,,0,0,0,0,0,0,1,0,2026-06-25 20:31:44
1346,Cor:Branco com amêndoa,Estoque,,0,0,0,0,0,0,1,0,2026-06-25 20:31:44
1348,Cor:Amêndoa,Estoque,,0,0,0,0,0,0,1,0,2026-06-25 20:31:44
12978,Cor:Marrom,Estoque,,0,0,0,0,0,0,1,0,2026-06-25 20:31:44
2166,Cor:Verde Sage,Estoque,,0,0,0,0,0,0,1,0,2026-06-25 20:31:44
10341,Cor:Terracota,Estoque,,0,0,0,0,0,0,1,0,2026-06-25 20:31:44
2186,Cor:Rosê,Estoque,,0,0,0,0,0,0,1,0,2026-06-25 20:31:44
2200,Cor:Grafite,Estoque,,0,0,0,0,0,0,1,0,2026-06-25 20:31:44
2160,Cor:Cinza com Marrom,Estoque,,0,0,0,0,0,0,1,0,2026-06-25 20:31:44
8922,Cor:Cinza,Estoque,,0,0,0,0,0,0,1,0,2026-06-25 20:31:44
2202,Cor:Azul Marinho,Estoque,,0,0,0,0,0,0,1,0,2026-06-25 20:31:44
2170,Cor:Areia Escura,Estoque,,0,0,0,0,0,0,1,0,2026-06-25 20:31:44
2168,Cor:Areia,Estoque,,0,0,0,0,0,0,1,0,2026-06-25 20:31:44
3124,Cor:Cru,Estoque,,0,0,0,0,0,0,1,0,2026-06-25 20:31:44
1876,Cor:Verde Sage,Estoque,,0,0,0,0,0,0,1,0,2026-06-25 20:31:44
1908,Cor:Grafite,Estoque,,0,0,0,0,0,0,1,0,2026-06-25 20:31:44
1871,Cor:Cinza com Marrom,Estoque,,0,0,0,0,0,0,1,0,2026-06-25 20:31:44
1910,Cor:Azul Marinho,Estoque,,0,0,0,0,0,0,1,0,2026-06-25 20:31:44
1878,Cor:Areia,Estoque,,0,0,0,0,0,0,1,0,2026-06-25 20:31:44
3049,Cor:Cru,Estoque,,0,0,0,0,0,0,1,0,2026-06-25 20:31:44
9829,Cor:Rosê,Estoque,,0,0,0,0,0,0,1,0,2026-06-25 20:31:44
9864,Cor:Rosê,Estoque,,0,0,0,0,0,0,1,0,2026-06-25 20:31:44
10076,Cor:Rosê,Estoque,,0,0,0,0,0,0,1,0,2026-06-25 20:31:44
4523,Cor:Grafite,Estoque,,0,0,0,0,0,0,1,0,2026-06-25 20:31:44
4517,Cor:Cinza com Marrom,Estoque,,0,0,0,0,0,0,1,0,2026-06-25 20:31:44
8920,Cor:Cinza,Estoque,,0,0,0,0,0,0,1,0,2026-06-25 20:31:44
4525,Cor:Azul Marinho,Estoque,,0,0,0,0,0,0,1,0,2026-06-25 20:31:44
4519,Cor:Areia,Estoque,,0,0,0,0,0,0,1,0,2026-06-25 20:31:44
2074,Cor:Verde Sage,Estoque,,0,0,0,0,0,0,1,0,2026-06-25 20:31:44
2106,Cor:Grafite,Estoque,,0,0,0,0,0,0,1,0,2026-06-25 20:31:44
2068,Cor:Cinza com Marrom,Estoque,,0,0,0,0,0,0,1,0,2026-06-25 20:31:44
2108,Cor:Azul Marinho,Estoque,,0,0,0,0,0,0,1,0,2026-06-25 20:31:44
2076,Cor:Areia,Estoque,,0,0,0,0,0,0,1,0,2026-06-25 20:31:44
1306,Cor:Off white com amêndoa,Estoque,,0,0,0,0,0,0,1,0,2026-06-25 20:31:44
1302,Cor:Branco com amêndoa,Estoque,,0,0,0,0,0,0,1,0,2026-06-25 20:31:44
1972,Cor:Verde Sage,Estoque,,0,0,0,0,0,0,1,0,2026-06-25 20:31:44
2004,Cor:Grafite,Estoque,,0,0,0,0,0,0,1,0,2026-06-25 20:31:44
1966,Cor:Cinza com Marrom,Estoque,,0,0,0,0,0,0,1,0,2026-06-25 20:31:44
2006,Cor:Azul Marinho,Estoque,,0,0,0,0,0,0,1,0,2026-06-25 20:31:44
1974,Cor:Areia,Estoque,,0,0,0,0,0,0,1,0,2026-06-25 20:31:44
2122,Cor:Verde Sage,Estoque,,0,0,0,0,0,0,1,0,2026-06-25 20:31:44
2150,Cor:Grafite,Estoque,,0,0,0,0,0,0,1,0,2026-06-25 20:31:44
2116,Cor:Cinza com Marrom,Estoque,,0,0,0,0,0,0,1,0,2026-06-25 20:31:44
2152,Cor:Azul Marinho,Estoque,,0,0,0,0,0,0,1,0,2026-06-25 20:31:44
2124,Cor:Areia,Estoque,,0,0,0,0,0,0,1,0,2026-06-25 20:31:44
2781,Cor:Marrom,Estoque,,0,0,0,0,0,0,1,0,2026-06-25 20:31:44
872,Cor:Off white com amêndoa,Estoque,,0,0,0,0,0,0,1,0,2026-06-25 20:31:44
870,Cor:Branco com amêndoa,Estoque,,0,0,0,0,0,0,1,0,2026-06-25 20:31:44
871,Cor:Amêndoa,Estoque,,0,0,0,0,0,0,1,0,2026-06-25 20:31:44
1342,Cor:Off white com amêndoa,Estoque,,0,0,0,0,0,0,1,0,2026-06-25 20:31:44
11432,Cor:Gianduia com Nature,Estoque,,0,0,0,0,0,0,1,0,2026-06-25 20:31:44
1338,Cor:Branco com amêndoa,Estoque,,0,0,0,0,0,0,1,0,2026-06-25 20:31:44
1340,Cor:Amêndoa,Estoque,,0,0,0,0,0,0,1,0,2026-06-25 20:31:44
3279,Cor:Cru,Estoque,,0,0,0,0,0,0,1,0,2026-06-25 20:31:44
9827,Cor:Rosê,Estoque,,0,0,0,0,0,0,1,0,2026-06-25 20:31:44
1924,Cor:Verde Sage,Estoque,,0,0,0,0,0,0,1,0,2026-06-25 20:31:44
1956,Cor:Grafite,Estoque,,0,0,0,0,0,0,1,0,2026-06-25 20:31:44
1918,Cor:Cinza com Marrom,Estoque,,0,0,0,0,0,0,1,0,2026-06-25 20:31:44
1958,Cor:Azul Marinho,Estoque,,0,0,0,0,0,0,1,0,2026-06-25 20:31:44
1926,Cor:Areia,Estoque,,0,0,0,0,0,0,1,0,2026-06-25 20:31:44
9831,Cor:Rosê,Estoque,,0,0,0,0,0,0,1,0,2026-06-25 20:31:44
3199,Cor:Cru,Estoque,,0,0,0,0,0,0,1,0,2026-06-25 20:31:44
1318,Cor:Off white com amêndoa,Estoque,,0,0,0,0,0,0,1,0,2026-06-25 20:31:44
1310,Cor:Branco,Estoque,,0,0,0,0,0,0,1,0,2026-06-25 20:31:44
1316,Cor:Amêndoa,Estoque,,0,0,0,0,0,0,1,0,2026-06-25 20:31:44
2977,Cor:Cru,Estoque,,0,0,0,0,0,0,1,0,2026-06-25 20:31:44
1322,Cor:Amêndoa com Cúpula Off White,Estoque,,0,0,0,0,0,0,1,0,2026-06-25 20:31:43
12674,Cor:Verde Sage,Estoque,,0,0,0,0,0,0,1,0,2026-06-25 20:31:43
12672,Cor:Terracota,Estoque,,0,0,0,0,0,0,1,0,2026-06-25 20:31:43
12670,Cor:Grafite,Estoque,,0,0,0,0,0,0,1,0,2026-06-25 20:31:43
12668,Cor:Cinza com Marrom,Estoque,,0,0,0,0,0,0,1,0,2026-06-25 20:31:43
12666,Cor:Cinza,Estoque,,0,0,0,0,0,0,1,0,2026-06-25 20:31:43
12664,Cor:Azul Marinho,Estoque,,0,0,0,0,0,0,1,0,2026-06-25 20:31:43
12984,Cor:Areia Escuro,Estoque,,0,0,0,0,0,0,1,0,2026-06-25 20:31:43
12662,Cor:Areia,Estoque,,0,0,0,0,0,0,1,0,2026-06-25 20:31:43
393,Cor:Off white com amêndoa,Estoque,,0,0,0,0,0,0,1,0,2026-06-25 20:31:43
11299,Cor:Gianduia com Nature,Estoque,,0,0,0,0,0,0,1,0,2026-06-25 20:31:43
863,Cor:Branco com amêndoa,Estoque,,0,0,0,0,0,0,1,0,2026-06-25 20:31:43
862,Cor:Amêndoa,Estoque,,0,0,0,0,0,0,1,0,2026-06-25 20:31:43
2020,Cor:Verde Sage,Estoque,,0,0,0,0,0,0,1,0,2026-06-25 20:31:43
2052,Cor:Grafite,Estoque,,0,0,0,0,0,0,1,0,2026-06-25 20:31:43
2014,Cor:Cinza com Marrom,Estoque,,0,0,0,0,0,0,1,0,2026-06-25 20:31:43
2054,Cor:Azul Marinho,Estoque,,0,0,0,0,0,0,1,0,2026-06-25 20:31:43
2022,Cor:Areia,Estoque,,0,0,0,0,0,0,1,0,2026-06-25 20:31:43
1360,Preto:Preto,Estoque,,0,0,0,0,0,0,1,0,2026-06-25 20:31:43
1358,Off White:Off White,Estoque,,0,0,0,0,0,0,1,0,2026-06-25 20:31:43
1356,Freijó:Freijó,Estoque,,0,0,0,0,0,0,1,0,2026-06-25 20:31:43
1362,Branco:Branco,Estoque,,0,0,0,0,0,0,1,0,2026-06-25 20:31:43
1364,Freijó:Freijó,Estoque,,0,0,0,0,0,0,1,0,2026-06-25 20:31:43
0,VOLUME 2/2 Sofá 6 Lugares Loft 274cm com Chaise Esquerda Linho Cores Cor:Azul Marinho,Estoque,,0,0,0,0,0,0,"1598,19",0,2026-06-25 20:27:29
